filename,area_ratio_ham
ISIC_0024310.jpg,0.239502
ISIC_0024312.jpg,0.430176
ISIC_0024313.jpg,0.107910
ISIC_0024315.jpg,0.084961
ISIC_0024318.jpg,0.218262
ISIC_0024323.jpg,0.332031
ISIC_0024324.jpg,0.130371
ISIC_0024329.jpg,0.095703
ISIC_0024330.jpg,0.237305
ISIC_0024331.jpg,0.264404
ISIC_0024332.jpg,0.290283
ISIC_0024333.jpg,0.359375
ISIC_0024336.jpg,0.193604
ISIC_0024337.jpg,0.183594
ISIC_0024338.jpg,0.288330
ISIC_0024345.jpg,0.383057
ISIC_0024351.jpg,0.444580
ISIC_0024358.jpg,0.175293
ISIC_0024360.jpg,0.056885
ISIC_0024367.jpg,0.056641
ISIC_0024370.jpg,0.242920
ISIC_0024371.jpg,0.659180
ISIC_0024372.jpg,0.349609
ISIC_0024375.jpg,0.017578
ISIC_0024381.jpg,0.715088
ISIC_0024382.jpg,0.293213
ISIC_0024383.jpg,0.348633
ISIC_0024386.jpg,0.282471
ISIC_0024396.jpg,0.062500
ISIC_0024400.jpg,0.723389
ISIC_0024402.jpg,0.033691
ISIC_0024403.jpg,0.122314
ISIC_0024408.jpg,0.073486
ISIC_0024409.jpg,0.037842
ISIC_0024410.jpg,0.111328
ISIC_0024411.jpg,0.037598
ISIC_0024412.jpg,0.165771
ISIC_0024418.jpg,0.058350
ISIC_0024420.jpg,0.214111
ISIC_0024422.jpg,0.194580
ISIC_0024426.jpg,0.526367
ISIC_0024431.jpg,0.076660
ISIC_0024432.jpg,0.058350
ISIC_0024435.jpg,0.114502
ISIC_0024436.jpg,0.134033
ISIC_0024443.jpg,0.133545
ISIC_0024445.jpg,0.141113
ISIC_0024446.jpg,0.212402
ISIC_0024448.jpg,0.314941
ISIC_0024449.jpg,0.754395
ISIC_0024450.jpg,0.593994
ISIC_0024452.jpg,0.247559
ISIC_0024453.jpg,0.260986
ISIC_0024454.jpg,0.731689
ISIC_0024457.jpg,0.485840
ISIC_0024459.jpg,0.556396
ISIC_0024461.jpg,0.298584
ISIC_0024463.jpg,0.525879
ISIC_0024468.jpg,0.463867
ISIC_0024470.jpg,0.637451
ISIC_0024471.jpg,0.562744
ISIC_0024472.jpg,0.259277
ISIC_0024475.jpg,0.056641
ISIC_0024477.jpg,0.257812
ISIC_0024481.jpg,0.122070
ISIC_0024482.jpg,0.491943
ISIC_0024489.jpg,0.672363
ISIC_0024490.jpg,0.605957
ISIC_0024494.jpg,0.352783
ISIC_0024495.jpg,0.043213
ISIC_0024496.jpg,0.262695
ISIC_0024498.jpg,0.208984
ISIC_0024504.jpg,0.572266
ISIC_0024505.jpg,0.233154
ISIC_0024511.jpg,0.424072
ISIC_0024515.jpg,0.132080
ISIC_0024516.jpg,0.324707
ISIC_0024517.jpg,0.136230
ISIC_0024522.jpg,0.174561
ISIC_0024525.jpg,0.285889
ISIC_0024537.jpg,0.235840
ISIC_0024539.jpg,0.406006
ISIC_0024545.jpg,0.366699
ISIC_0024546.jpg,0.360596
ISIC_0024547.jpg,0.342041
ISIC_0024550.jpg,0.468750
ISIC_0024552.jpg,0.483398
ISIC_0024553.jpg,0.372559
ISIC_0024554.jpg,0.479736
ISIC_0024562.jpg,0.187012
ISIC_0024564.jpg,0.128662
ISIC_0024571.jpg,0.550049
ISIC_0024572.jpg,0.058105
ISIC_0024573.jpg,0.106934
ISIC_0024575.jpg,0.167236
ISIC_0024579.jpg,0.315918
ISIC_0024581.jpg,0.776611
ISIC_0024582.jpg,0.143555
ISIC_0024586.jpg,0.047607
ISIC_0024590.jpg,0.217285
ISIC_0024592.jpg,0.741455
ISIC_0024595.jpg,0.148438
ISIC_0024602.jpg,0.028076
ISIC_0024612.jpg,0.066650
ISIC_0024623.jpg,0.562012
ISIC_0024624.jpg,0.076904
ISIC_0024626.jpg,0.142090
ISIC_0024630.jpg,0.368408
ISIC_0024632.jpg,0.133545
ISIC_0024634.jpg,0.070312
ISIC_0024635.jpg,0.192627
ISIC_0024640.jpg,0.579590
ISIC_0024643.jpg,0.212646
ISIC_0024644.jpg,0.708496
ISIC_0024646.jpg,0.264160
ISIC_0024647.jpg,0.691162
ISIC_0024652.jpg,0.427246
ISIC_0024654.jpg,0.031250
ISIC_0024662.jpg,0.447510
ISIC_0024665.jpg,0.133789
ISIC_0024666.jpg,0.131104
ISIC_0024669.jpg,0.025635
ISIC_0024672.jpg,0.247314
ISIC_0024673.jpg,0.203369
ISIC_0024675.jpg,0.008301
ISIC_0024676.jpg,0.276855
ISIC_0024679.jpg,0.344238
ISIC_0024688.jpg,0.255371
ISIC_0024696.jpg,0.213623
ISIC_0024700.jpg,0.503174
ISIC_0024701.jpg,0.412109
ISIC_0024702.jpg,0.339355
ISIC_0024705.jpg,0.421631
ISIC_0024706.jpg,0.118652
ISIC_0024707.jpg,0.205322
ISIC_0024708.jpg,0.247559
ISIC_0024709.jpg,0.393066
ISIC_0024710.jpg,0.592773
ISIC_0024711.jpg,0.171875
ISIC_0024726.jpg,0.157959
ISIC_0024729.jpg,0.145996
ISIC_0024732.jpg,0.245117
ISIC_0024733.jpg,0.322021
ISIC_0024739.jpg,0.606201
ISIC_0024740.jpg,0.099365
ISIC_0024741.jpg,0.251465
ISIC_0024743.jpg,0.330811
ISIC_0024747.jpg,0.078369
ISIC_0024748.jpg,0.142090
ISIC_0024756.jpg,0.224121
ISIC_0024758.jpg,0.087891
ISIC_0024760.jpg,0.141846
ISIC_0024761.jpg,0.153809
ISIC_0024763.jpg,0.514648
ISIC_0024767.jpg,0.117188
ISIC_0024770.jpg,0.097900
ISIC_0024771.jpg,0.420898
ISIC_0024772.jpg,0.156738
ISIC_0024773.jpg,0.473633
ISIC_0024774.jpg,0.294922
ISIC_0024782.jpg,0.057129
ISIC_0024786.jpg,0.381592
ISIC_0024787.jpg,0.392822
ISIC_0024792.jpg,0.380615
ISIC_0024795.jpg,0.302734
ISIC_0024799.jpg,0.155518
ISIC_0024800.jpg,0.130859
ISIC_0024805.jpg,0.294434
ISIC_0024806.jpg,0.493652
ISIC_0024814.jpg,0.279297
ISIC_0024823.jpg,0.443848
ISIC_0024825.jpg,0.246826
ISIC_0024829.jpg,0.114014
ISIC_0024832.jpg,0.084717
ISIC_0024833.jpg,0.124512
ISIC_0024839.jpg,0.156494
ISIC_0024843.jpg,0.446533
ISIC_0024845.jpg,0.166260
ISIC_0024848.jpg,0.453613
ISIC_0024850.jpg,0.225586
ISIC_0024851.jpg,0.734375
ISIC_0024853.jpg,0.408447
ISIC_0024864.jpg,0.468018
ISIC_0024865.jpg,0.099609
ISIC_0024867.jpg,0.074219
ISIC_0024871.jpg,0.170898
ISIC_0024875.jpg,0.159424
ISIC_0024877.jpg,0.224854
ISIC_0024880.jpg,0.204346
ISIC_0024881.jpg,0.093018
ISIC_0024883.jpg,0.017334
ISIC_0024885.jpg,0.276123
ISIC_0024886.jpg,0.138672
ISIC_0024890.jpg,0.152832
ISIC_0024893.jpg,0.310303
ISIC_0024897.jpg,0.107666
ISIC_0024898.jpg,0.386719
ISIC_0024900.jpg,0.286133
ISIC_0024904.jpg,0.090332
ISIC_0024909.jpg,0.155518
ISIC_0024910.jpg,0.517090
ISIC_0024911.jpg,0.023926
ISIC_0024913.jpg,0.200928
ISIC_0024915.jpg,0.018311
ISIC_0024918.jpg,0.114746
ISIC_0024923.jpg,0.472656
ISIC_0024925.jpg,0.216553
ISIC_0024929.jpg,0.675781
ISIC_0024930.jpg,0.370850
ISIC_0024931.jpg,0.143555
ISIC_0024932.jpg,0.106445
ISIC_0024940.jpg,0.402344
ISIC_0024943.jpg,0.083740
ISIC_0024946.jpg,0.150391
ISIC_0024947.jpg,0.016357
ISIC_0024948.jpg,0.177490
ISIC_0024949.jpg,0.420166
ISIC_0024951.jpg,0.179688
ISIC_0024952.jpg,0.268311
ISIC_0024958.jpg,0.333252
ISIC_0024961.jpg,0.666748
ISIC_0024962.jpg,0.431641
ISIC_0024967.jpg,0.214111
ISIC_0024970.jpg,0.250732
ISIC_0024971.jpg,0.161377
ISIC_0024972.jpg,0.017090
ISIC_0024973.jpg,0.232666
ISIC_0024981.jpg,0.069824
ISIC_0024982.jpg,0.616699
ISIC_0024984.jpg,0.075684
ISIC_0024987.jpg,0.343018
ISIC_0024994.jpg,0.341553
ISIC_0024997.jpg,0.346680
ISIC_0024999.jpg,0.604736
ISIC_0025005.jpg,0.408203
ISIC_0025016.jpg,0.064453
ISIC_0025018.jpg,0.045410
ISIC_0025019.jpg,0.328369
ISIC_0025029.jpg,0.384277
ISIC_0025030.jpg,0.119873
ISIC_0025031.jpg,0.122559
ISIC_0025032.jpg,0.371582
ISIC_0025033.jpg,0.067139
ISIC_0025035.jpg,0.114990
ISIC_0025038.jpg,0.112793
ISIC_0025040.jpg,0.017090
ISIC_0025046.jpg,0.200439
ISIC_0025063.jpg,0.105469
ISIC_0025064.jpg,0.034912
ISIC_0025066.jpg,0.262451
ISIC_0025068.jpg,0.308594
ISIC_0025069.jpg,0.233398
ISIC_0025075.jpg,0.226318
ISIC_0025076.jpg,0.058350
ISIC_0025081.jpg,0.076172
ISIC_0025083.jpg,0.143799
ISIC_0025085.jpg,0.088867
ISIC_0025086.jpg,0.280762
ISIC_0025089.jpg,0.341309
ISIC_0025097.jpg,0.832031
ISIC_0025099.jpg,0.139893
ISIC_0025102.jpg,0.333008
ISIC_0025103.jpg,0.537354
ISIC_0025105.jpg,0.627441
ISIC_0025113.jpg,0.464355
ISIC_0025121.jpg,0.817871
ISIC_0025127.jpg,0.113770
ISIC_0025128.jpg,0.048828
ISIC_0025130.jpg,0.274902
ISIC_0025131.jpg,0.572754
ISIC_0025132.jpg,0.250732
ISIC_0025136.jpg,0.808838
ISIC_0025140.jpg,0.195557
ISIC_0025144.jpg,0.243164
ISIC_0025145.jpg,0.842041
ISIC_0025153.jpg,0.244141
ISIC_0025154.jpg,0.136719
ISIC_0025155.jpg,0.040527
ISIC_0025157.jpg,0.079346
ISIC_0025178.jpg,0.248291
ISIC_0025180.jpg,0.277344
ISIC_0025182.jpg,0.267090
ISIC_0025188.jpg,0.428955
ISIC_0025195.jpg,0.133545
ISIC_0025196.jpg,0.588379
ISIC_0025197.jpg,0.069580
ISIC_0025199.jpg,0.195312
ISIC_0025209.jpg,0.240723
ISIC_0025219.jpg,0.208740
ISIC_0025222.jpg,0.345703
ISIC_0025223.jpg,0.338379
ISIC_0025234.jpg,0.396240
ISIC_0025235.jpg,0.294434
ISIC_0025238.jpg,0.143311
ISIC_0025244.jpg,0.115479
ISIC_0025247.jpg,0.470215
ISIC_0025248.jpg,0.522461
ISIC_0025249.jpg,0.146484
ISIC_0025250.jpg,0.034668
ISIC_0025260.jpg,0.103271
ISIC_0025264.jpg,0.417480
ISIC_0025265.jpg,0.032715
ISIC_0025266.jpg,0.054199
ISIC_0025268.jpg,0.578857
ISIC_0025275.jpg,0.136719
ISIC_0025276.jpg,0.152344
ISIC_0025277.jpg,0.191650
ISIC_0025285.jpg,0.424072
ISIC_0025286.jpg,0.176514
ISIC_0025292.jpg,0.179688
ISIC_0025297.jpg,0.687500
ISIC_0025299.jpg,0.323242
ISIC_0025301.jpg,0.315918
ISIC_0025302.jpg,0.234131
ISIC_0025303.jpg,0.051514
ISIC_0025312.jpg,0.146484
ISIC_0025313.jpg,0.253906
ISIC_0025314.jpg,0.541504
ISIC_0025316.jpg,0.099121
ISIC_0025317.jpg,0.622314
ISIC_0025319.jpg,0.614990
ISIC_0025321.jpg,0.022217
ISIC_0025322.jpg,0.176025
ISIC_0025324.jpg,0.275635
ISIC_0025326.jpg,0.208252
ISIC_0025330.jpg,0.160156
ISIC_0025331.jpg,0.171143
ISIC_0025337.jpg,0.469482
ISIC_0025339.jpg,0.136719
ISIC_0025345.jpg,0.229004
ISIC_0025350.jpg,0.447510
ISIC_0025351.jpg,0.492920
ISIC_0025358.jpg,0.213135
ISIC_0025362.jpg,0.427490
ISIC_0025363.jpg,0.108154
ISIC_0025366.jpg,0.201172
ISIC_0025368.jpg,0.174805
ISIC_0025373.jpg,0.263672
ISIC_0025374.jpg,0.388916
ISIC_0025376.jpg,0.030273
ISIC_0025378.jpg,0.029053
ISIC_0025383.jpg,0.354248
ISIC_0025387.jpg,0.297119
ISIC_0025388.jpg,0.130859
ISIC_0025389.jpg,0.293213
ISIC_0025391.jpg,0.483887
ISIC_0025392.jpg,0.201904
ISIC_0025394.jpg,0.337402
ISIC_0025409.jpg,0.141846
ISIC_0025411.jpg,0.388184
ISIC_0025413.jpg,0.450195
ISIC_0025414.jpg,0.753174
ISIC_0025417.jpg,0.023926
ISIC_0025419.jpg,0.044434
ISIC_0025425.jpg,0.053711
ISIC_0025427.jpg,0.529785
ISIC_0025431.jpg,0.232666
ISIC_0025433.jpg,0.227295
ISIC_0025434.jpg,0.853271
ISIC_0025439.jpg,0.525879
ISIC_0025450.jpg,0.276855
ISIC_0025451.jpg,0.155273
ISIC_0025452.jpg,0.062988
ISIC_0025454.jpg,0.641113
ISIC_0025465.jpg,0.039062
ISIC_0025466.jpg,0.058350
ISIC_0025467.jpg,0.814453
ISIC_0025470.jpg,0.341064
ISIC_0025471.jpg,0.310303
ISIC_0025472.jpg,0.722412
ISIC_0025484.jpg,0.413574
ISIC_0025485.jpg,0.521484
ISIC_0025489.jpg,0.204834
ISIC_0025500.jpg,0.451660
ISIC_0025504.jpg,0.284424
ISIC_0025507.jpg,0.587891
ISIC_0025509.jpg,0.216309
ISIC_0025510.jpg,0.044434
ISIC_0025512.jpg,0.609619
ISIC_0025513.jpg,0.053223
ISIC_0025515.jpg,0.200928
ISIC_0025519.jpg,0.312256
ISIC_0025520.jpg,0.517334
ISIC_0025524.jpg,0.879639
ISIC_0025526.jpg,0.011475
ISIC_0025529.jpg,0.385742
ISIC_0025530.jpg,0.251465
ISIC_0025531.jpg,0.239990
ISIC_0025539.jpg,0.208008
ISIC_0025543.jpg,0.830322
ISIC_0025546.jpg,0.222168
ISIC_0025548.jpg,0.189941
ISIC_0025550.jpg,0.076904
ISIC_0025554.jpg,0.036865
ISIC_0025557.jpg,0.088867
ISIC_0025564.jpg,0.227295
ISIC_0025567.jpg,0.302490
ISIC_0025573.jpg,0.367432
ISIC_0025575.jpg,0.267578
ISIC_0025576.jpg,0.273682
ISIC_0025577.jpg,0.464355
ISIC_0025578.jpg,0.041748
ISIC_0025583.jpg,0.312256
ISIC_0025584.jpg,0.210449
ISIC_0025589.jpg,0.055908
ISIC_0025592.jpg,0.024414
ISIC_0025594.jpg,0.328613
ISIC_0025596.jpg,0.057617
ISIC_0025599.jpg,0.082275
ISIC_0025600.jpg,0.104248
ISIC_0025601.jpg,0.311523
ISIC_0025603.jpg,0.268555
ISIC_0025605.jpg,0.195312
ISIC_0025606.jpg,0.125488
ISIC_0025611.jpg,0.151611
ISIC_0025612.jpg,0.043457
ISIC_0025616.jpg,0.405029
ISIC_0025617.jpg,0.649902
ISIC_0025622.jpg,0.083984
ISIC_0025623.jpg,0.562500
ISIC_0025627.jpg,0.504639
ISIC_0025628.jpg,0.068604
ISIC_0025630.jpg,0.123779
ISIC_0025637.jpg,0.274414
ISIC_0025642.jpg,0.181152
ISIC_0025644.jpg,0.169922
ISIC_0025650.jpg,0.407715
ISIC_0025651.jpg,0.245850
ISIC_0025654.jpg,0.631104
ISIC_0025656.jpg,0.231201
ISIC_0025659.jpg,0.703125
ISIC_0025661.jpg,0.080078
ISIC_0025663.jpg,0.324707
ISIC_0025668.jpg,0.243652
ISIC_0025674.jpg,0.327881
ISIC_0025677.jpg,0.072510
ISIC_0025680.jpg,0.087891
ISIC_0025691.jpg,0.023682
ISIC_0025693.jpg,0.249512
ISIC_0025696.jpg,0.574951
ISIC_0025699.jpg,0.414551
ISIC_0025700.jpg,0.055908
ISIC_0025703.jpg,0.430176
ISIC_0025707.jpg,0.063721
ISIC_0025708.jpg,0.348145
ISIC_0025709.jpg,0.349609
ISIC_0025710.jpg,0.745850
ISIC_0025711.jpg,0.551025
ISIC_0025712.jpg,0.211182
ISIC_0025716.jpg,0.556885
ISIC_0025718.jpg,0.077881
ISIC_0025719.jpg,0.320801
ISIC_0025724.jpg,0.075928
ISIC_0025731.jpg,0.708008
ISIC_0025732.jpg,0.333740
ISIC_0025743.jpg,0.274658
ISIC_0025744.jpg,0.241943
ISIC_0025746.jpg,0.106201
ISIC_0025748.jpg,0.281006
ISIC_0025751.jpg,0.155029
ISIC_0025752.jpg,0.424805
ISIC_0025753.jpg,0.027344
ISIC_0025755.jpg,0.285889
ISIC_0025758.jpg,0.189941
ISIC_0025766.jpg,0.247070
ISIC_0025767.jpg,0.058350
ISIC_0025771.jpg,0.295166
ISIC_0025777.jpg,0.173340
ISIC_0025780.jpg,0.665039
ISIC_0025781.jpg,0.461914
ISIC_0025783.jpg,0.344482
ISIC_0025790.jpg,0.506592
ISIC_0025791.jpg,0.057373
ISIC_0025793.jpg,0.062500
ISIC_0025799.jpg,0.321777
ISIC_0025800.jpg,0.608887
ISIC_0025803.jpg,0.569336
ISIC_0025804.jpg,0.426025
ISIC_0025805.jpg,0.208496
ISIC_0025807.jpg,0.028076
ISIC_0025808.jpg,0.122314
ISIC_0025810.jpg,0.401367
ISIC_0025811.jpg,0.477295
ISIC_0025814.jpg,0.444336
ISIC_0025818.jpg,0.227539
ISIC_0025819.jpg,0.195801
ISIC_0025824.jpg,0.100342
ISIC_0025825.jpg,0.773438
ISIC_0025826.jpg,0.149170
ISIC_0025830.jpg,0.339600
ISIC_0025831.jpg,0.270752
ISIC_0025832.jpg,0.355225
ISIC_0025835.jpg,0.140869
ISIC_0025837.jpg,0.079102
ISIC_0025838.jpg,0.554688
ISIC_0025842.jpg,0.417969
ISIC_0025851.jpg,0.621094
ISIC_0025856.jpg,0.068359
ISIC_0025867.jpg,0.707764
ISIC_0025873.jpg,0.110107
ISIC_0025874.jpg,0.510254
ISIC_0025876.jpg,0.334229
ISIC_0025879.jpg,0.332031
ISIC_0025883.jpg,0.309082
ISIC_0025885.jpg,0.446045
ISIC_0025891.jpg,0.060791
ISIC_0025903.jpg,0.251221
ISIC_0025904.jpg,0.196533
ISIC_0025906.jpg,0.191162
ISIC_0025911.jpg,0.404297
ISIC_0025915.jpg,0.012451
ISIC_0025924.jpg,0.110107
ISIC_0025927.jpg,0.857422
ISIC_0025928.jpg,0.352051
ISIC_0025932.jpg,0.250244
ISIC_0025937.jpg,0.091797
ISIC_0025939.jpg,0.292480
ISIC_0025940.jpg,0.252930
ISIC_0025941.jpg,0.188965
ISIC_0025948.jpg,0.371094
ISIC_0025953.jpg,0.893799
ISIC_0025954.jpg,0.104004
ISIC_0025955.jpg,0.057129
ISIC_0025957.jpg,0.272461
ISIC_0025963.jpg,0.824463
ISIC_0025964.jpg,0.020264
ISIC_0025971.jpg,0.233643
ISIC_0025973.jpg,0.499023
ISIC_0025975.jpg,0.169922
ISIC_0025980.jpg,0.288818
ISIC_0025982.jpg,0.545654
ISIC_0025984.jpg,0.016602
ISIC_0025985.jpg,0.223633
ISIC_0025986.jpg,0.279297
ISIC_0025987.jpg,0.199707
ISIC_0025992.jpg,0.724121
ISIC_0025996.jpg,0.585449
ISIC_0026009.jpg,0.150146
ISIC_0026014.jpg,0.609131
ISIC_0026015.jpg,0.738770
ISIC_0026016.jpg,0.117432
ISIC_0026018.jpg,0.411621
ISIC_0026040.jpg,0.179443
ISIC_0026042.jpg,1.000000
ISIC_0026044.jpg,0.116943
ISIC_0026045.jpg,0.555664
ISIC_0026046.jpg,0.446533
ISIC_0026056.jpg,0.638672
ISIC_0026060.jpg,0.330078
ISIC_0026068.jpg,0.055908
ISIC_0026069.jpg,0.206055
ISIC_0026070.jpg,0.456055
ISIC_0026072.jpg,0.302246
ISIC_0026074.jpg,0.027344
ISIC_0026081.jpg,0.347168
ISIC_0026083.jpg,0.333984
ISIC_0026085.jpg,0.646240
ISIC_0026086.jpg,0.621826
ISIC_0026089.jpg,0.386963
ISIC_0026090.jpg,0.502441
ISIC_0026091.jpg,0.424072
ISIC_0026092.jpg,0.103027
ISIC_0026094.jpg,0.167236
ISIC_0026100.jpg,0.468506
ISIC_0026104.jpg,0.151855
ISIC_0026105.jpg,0.246826
ISIC_0026107.jpg,0.474854
ISIC_0026113.jpg,0.166504
ISIC_0026115.jpg,0.209717
ISIC_0026117.jpg,0.187256
ISIC_0026118.jpg,0.643555
ISIC_0026120.jpg,0.375977
ISIC_0026131.jpg,0.445312
ISIC_0026132.jpg,0.199463
ISIC_0026135.jpg,0.342529
ISIC_0026138.jpg,0.399414
ISIC_0026139.jpg,0.554932
ISIC_0026142.jpg,0.268066
ISIC_0026149.jpg,0.465820
ISIC_0026150.jpg,0.073242
ISIC_0026152.jpg,0.513428
ISIC_0026153.jpg,0.045166
ISIC_0026154.jpg,0.156494
ISIC_0026156.jpg,0.455078
ISIC_0026158.jpg,0.342285
ISIC_0026159.jpg,0.257324
ISIC_0026163.jpg,0.106689
ISIC_0026167.jpg,0.384277
ISIC_0026171.jpg,0.502930
ISIC_0026174.jpg,0.045898
ISIC_0026178.jpg,0.365723
ISIC_0026188.jpg,0.557129
ISIC_0026192.jpg,0.218262
ISIC_0026194.jpg,0.158203
ISIC_0026203.jpg,0.104736
ISIC_0026205.jpg,0.480713
ISIC_0026206.jpg,0.159912
ISIC_0026207.jpg,0.235840
ISIC_0026212.jpg,0.305420
ISIC_0026213.jpg,0.285889
ISIC_0026219.jpg,0.118896
ISIC_0026229.jpg,0.453857
ISIC_0026230.jpg,0.101318
ISIC_0026236.jpg,0.013916
ISIC_0026239.jpg,0.351074
ISIC_0026245.jpg,0.693115
ISIC_0026247.jpg,0.017334
ISIC_0026248.jpg,0.273438
ISIC_0026249.jpg,0.598633
ISIC_0026254.jpg,0.271729
ISIC_0026258.jpg,0.140137
ISIC_0026262.jpg,0.148682
ISIC_0026263.jpg,0.424072
ISIC_0026265.jpg,0.631104
ISIC_0026266.jpg,0.157471
ISIC_0026268.jpg,0.766602
ISIC_0026273.jpg,0.124756
ISIC_0026275.jpg,0.008789
ISIC_0026276.jpg,0.539795
ISIC_0026277.jpg,0.354004
ISIC_0026280.jpg,0.417969
ISIC_0026281.jpg,0.068359
ISIC_0026282.jpg,0.034180
ISIC_0026286.jpg,0.090332
ISIC_0026290.jpg,0.533936
ISIC_0026291.jpg,0.572510
ISIC_0026296.jpg,0.012939
ISIC_0026298.jpg,0.431396
ISIC_0026301.jpg,0.183350
ISIC_0026311.jpg,0.225830
ISIC_0026313.jpg,0.082520
ISIC_0026314.jpg,0.014648
ISIC_0026316.jpg,0.285889
ISIC_0026319.jpg,0.772705
ISIC_0026321.jpg,0.936279
ISIC_0026324.jpg,0.161377
ISIC_0026327.jpg,0.487061
ISIC_0026335.jpg,0.142334
ISIC_0026336.jpg,0.055176
ISIC_0026337.jpg,0.643066
ISIC_0026343.jpg,0.044434
ISIC_0026349.jpg,0.500000
ISIC_0026350.jpg,0.470215
ISIC_0026351.jpg,0.112793
ISIC_0026352.jpg,0.298340
ISIC_0026360.jpg,0.095215
ISIC_0026362.jpg,0.287842
ISIC_0026365.jpg,0.051758
ISIC_0026369.jpg,0.377197
ISIC_0026378.jpg,0.934814
ISIC_0026388.jpg,0.452148
ISIC_0026393.jpg,0.038086
ISIC_0026395.jpg,0.034912
ISIC_0026409.jpg,0.483643
ISIC_0026411.jpg,0.165039
ISIC_0026416.jpg,0.318115
ISIC_0026417.jpg,0.135498
ISIC_0026420.jpg,0.548584
ISIC_0026422.jpg,0.140137
ISIC_0026430.jpg,0.712402
ISIC_0026433.jpg,0.153320
ISIC_0026438.jpg,0.500732
ISIC_0026439.jpg,0.691406
ISIC_0026441.jpg,0.655518
ISIC_0026442.jpg,0.401367
ISIC_0026443.jpg,0.282227
ISIC_0026444.jpg,0.494629
ISIC_0026446.jpg,0.297607
ISIC_0026453.jpg,0.179443
ISIC_0026456.jpg,0.253662
ISIC_0026457.jpg,0.438477
ISIC_0026458.jpg,0.517334
ISIC_0026466.jpg,0.253174
ISIC_0026467.jpg,0.060547
ISIC_0026468.jpg,0.372559
ISIC_0026471.jpg,0.374756
ISIC_0026473.jpg,0.474854
ISIC_0026475.jpg,0.159180
ISIC_0026477.jpg,0.101807
ISIC_0026481.jpg,0.360107
ISIC_0026489.jpg,0.538330
ISIC_0026490.jpg,0.124268
ISIC_0026492.jpg,0.400146
ISIC_0026493.jpg,0.204346
ISIC_0026496.jpg,0.341553
ISIC_0026500.jpg,0.668945
ISIC_0026506.jpg,0.141113
ISIC_0026511.jpg,0.356201
ISIC_0026514.jpg,0.696045
ISIC_0026516.jpg,0.030029
ISIC_0026522.jpg,0.853027
ISIC_0026523.jpg,0.814209
ISIC_0026524.jpg,0.045898
ISIC_0026525.jpg,0.827393
ISIC_0026526.jpg,0.353760
ISIC_0026528.jpg,0.407959
ISIC_0026530.jpg,0.242432
ISIC_0026531.jpg,0.569824
ISIC_0026532.jpg,0.340820
ISIC_0026538.jpg,0.386230
ISIC_0026539.jpg,0.113281
ISIC_0026545.jpg,0.397705
ISIC_0026549.jpg,0.132568
ISIC_0026553.jpg,0.151123
ISIC_0026556.jpg,0.927734
ISIC_0026558.jpg,0.126709
ISIC_0026566.jpg,0.235596
ISIC_0026567.jpg,0.124756
ISIC_0026571.jpg,0.678467
ISIC_0026574.jpg,0.669189
ISIC_0026575.jpg,0.069580
ISIC_0026576.jpg,0.515869
ISIC_0026586.jpg,0.259521
ISIC_0026590.jpg,0.309082
ISIC_0026593.jpg,0.291992
ISIC_0026596.jpg,0.240479
ISIC_0026604.jpg,0.289062
ISIC_0026606.jpg,0.113525
ISIC_0026607.jpg,0.154053
ISIC_0026614.jpg,0.615234
ISIC_0026622.jpg,0.408936
ISIC_0026623.jpg,0.765137
ISIC_0026625.jpg,0.737793
ISIC_0026626.jpg,0.831787
ISIC_0026629.jpg,0.278320
ISIC_0026631.jpg,0.844727
ISIC_0026634.jpg,0.825684
ISIC_0026637.jpg,0.088867
ISIC_0026643.jpg,0.327148
ISIC_0026644.jpg,0.176025
ISIC_0026645.jpg,0.227295
ISIC_0026647.jpg,0.620361
ISIC_0026650.jpg,0.698486
ISIC_0026652.jpg,0.451416
ISIC_0026656.jpg,0.392822
ISIC_0026661.jpg,0.940186
ISIC_0026663.jpg,0.358887
ISIC_0026664.jpg,0.174316
ISIC_0026668.jpg,0.521240
ISIC_0026675.jpg,0.256836
ISIC_0026679.jpg,0.507324
ISIC_0026687.jpg,0.857178
ISIC_0026690.jpg,0.500977
ISIC_0026693.jpg,0.063477
ISIC_0026694.jpg,0.299561
ISIC_0026697.jpg,0.750488
ISIC_0026702.jpg,0.962891
ISIC_0026704.jpg,0.501465
ISIC_0026709.jpg,0.475342
ISIC_0026713.jpg,0.042236
ISIC_0026714.jpg,0.167480
ISIC_0026716.jpg,0.194336
ISIC_0026717.jpg,0.248779
ISIC_0026720.jpg,0.585693
ISIC_0026728.jpg,0.166992
ISIC_0026729.jpg,0.471680
ISIC_0026735.jpg,0.834961
ISIC_0026737.jpg,0.399170
ISIC_0026738.jpg,0.671143
ISIC_0026744.jpg,0.438232
ISIC_0026745.jpg,0.365723
ISIC_0026746.jpg,0.170898
ISIC_0026754.jpg,0.688477
ISIC_0026760.jpg,0.208740
ISIC_0026765.jpg,0.220215
ISIC_0026766.jpg,0.047852
ISIC_0026769.jpg,0.267090
ISIC_0026770.jpg,0.625244
ISIC_0026774.jpg,0.265137
ISIC_0026775.jpg,0.345703
ISIC_0026783.jpg,0.327393
ISIC_0026787.jpg,0.133301
ISIC_0026789.jpg,0.461182
ISIC_0026790.jpg,0.332764
ISIC_0026794.jpg,0.110596
ISIC_0026796.jpg,0.265625
ISIC_0026798.jpg,0.161133
ISIC_0026802.jpg,0.204102
ISIC_0026803.jpg,0.083740
ISIC_0026811.jpg,0.214355
ISIC_0026823.jpg,0.617432
ISIC_0026827.jpg,0.178955
ISIC_0026829.jpg,0.153809
ISIC_0026831.jpg,0.035156
ISIC_0026835.jpg,0.028076
ISIC_0026842.jpg,0.146484
ISIC_0026843.jpg,0.111084
ISIC_0026844.jpg,0.126953
ISIC_0026845.jpg,0.248535
ISIC_0026846.jpg,0.772461
ISIC_0026847.jpg,0.084961
ISIC_0026848.jpg,0.147217
ISIC_0026849.jpg,0.118408
ISIC_0026853.jpg,0.433350
ISIC_0026855.jpg,0.161377
ISIC_0026857.jpg,0.124512
ISIC_0026861.jpg,0.289062
ISIC_0026865.jpg,0.253418
ISIC_0026867.jpg,0.736328
ISIC_0026868.jpg,0.371094
ISIC_0026870.jpg,0.660889
ISIC_0026871.jpg,0.167969
ISIC_0026872.jpg,0.640137
ISIC_0026876.jpg,0.265869
ISIC_0026877.jpg,0.610352
ISIC_0026892.jpg,0.028809
ISIC_0026893.jpg,0.485596
ISIC_0026895.jpg,0.163818
ISIC_0026897.jpg,0.243896
ISIC_0026902.jpg,0.501953
ISIC_0026905.jpg,0.687500
ISIC_0026907.jpg,0.621582
ISIC_0026909.jpg,0.244141
ISIC_0026912.jpg,0.508301
ISIC_0026916.jpg,0.327148
ISIC_0026923.jpg,0.233643
ISIC_0026927.jpg,0.763916
ISIC_0026930.jpg,0.339844
ISIC_0026940.jpg,0.264893
ISIC_0026941.jpg,0.182373
ISIC_0026947.jpg,0.203613
ISIC_0026950.jpg,0.521240
ISIC_0026952.jpg,0.301514
ISIC_0026954.jpg,0.882080
ISIC_0026955.jpg,0.139404
ISIC_0026957.jpg,0.063477
ISIC_0026958.jpg,0.281738
ISIC_0026959.jpg,0.656006
ISIC_0026961.jpg,0.350830
ISIC_0026963.jpg,0.057373
ISIC_0026967.jpg,0.776855
ISIC_0026968.jpg,0.230957
ISIC_0026970.jpg,0.086426
ISIC_0026976.jpg,0.377686
ISIC_0026978.jpg,0.265137
ISIC_0026981.jpg,0.273682
ISIC_0026984.jpg,0.404541
ISIC_0026988.jpg,0.561035
ISIC_0026989.jpg,0.486816
ISIC_0026992.jpg,0.308838
ISIC_0026993.jpg,0.229248
ISIC_0026995.jpg,0.235352
ISIC_0026996.jpg,0.052979
ISIC_0027004.jpg,0.204346
ISIC_0027006.jpg,0.500488
ISIC_0027008.jpg,0.162598
ISIC_0027017.jpg,0.557617
ISIC_0027018.jpg,0.395264
ISIC_0027021.jpg,0.323242
ISIC_0027023.jpg,0.226074
ISIC_0027025.jpg,0.867188
ISIC_0027026.jpg,0.187012
ISIC_0027027.jpg,0.272705
ISIC_0027030.jpg,0.669922
ISIC_0027033.jpg,0.213623
ISIC_0027037.jpg,0.375000
ISIC_0027038.jpg,0.380615
ISIC_0027041.jpg,0.539551
ISIC_0027042.jpg,0.458984
ISIC_0027043.jpg,0.135986
ISIC_0027044.jpg,0.227051
ISIC_0027046.jpg,0.036865
ISIC_0027047.jpg,0.288574
ISIC_0027053.jpg,0.155762
ISIC_0027057.jpg,0.261719
ISIC_0027058.jpg,0.017090
ISIC_0027060.jpg,0.310059
ISIC_0027063.jpg,0.154053
ISIC_0027064.jpg,0.245117
ISIC_0027065.jpg,0.768066
ISIC_0027067.jpg,0.106201
ISIC_0027068.jpg,0.121826
ISIC_0027069.jpg,0.760742
ISIC_0027071.jpg,0.745605
ISIC_0027076.jpg,0.047607
ISIC_0027083.jpg,0.153076
ISIC_0027084.jpg,0.471191
ISIC_0027089.jpg,0.378418
ISIC_0027090.jpg,0.131836
ISIC_0027093.jpg,0.104980
ISIC_0027094.jpg,0.348389
ISIC_0027100.jpg,0.208252
ISIC_0027101.jpg,0.450684
ISIC_0027102.jpg,0.648926
ISIC_0027105.jpg,0.308350
ISIC_0027107.jpg,0.295654
ISIC_0027117.jpg,0.080566
ISIC_0027118.jpg,0.041504
ISIC_0027120.jpg,0.527344
ISIC_0027125.jpg,0.042969
ISIC_0027126.jpg,0.174561
ISIC_0027130.jpg,0.197266
ISIC_0027135.jpg,0.181152
ISIC_0027139.jpg,0.399170
ISIC_0027141.jpg,0.239258
ISIC_0027142.jpg,0.500977
ISIC_0027144.jpg,0.170654
ISIC_0027146.jpg,0.086426
ISIC_0027149.jpg,0.394043
ISIC_0027151.jpg,0.029785
ISIC_0027154.jpg,0.043457
ISIC_0027155.jpg,0.195557
ISIC_0027159.jpg,0.697266
ISIC_0027162.jpg,0.421387
ISIC_0027163.jpg,0.490723
ISIC_0027167.jpg,0.154297
ISIC_0027171.jpg,0.379883
ISIC_0027172.jpg,0.390381
ISIC_0027174.jpg,0.037598
ISIC_0027175.jpg,0.519043
ISIC_0027178.jpg,0.447266
ISIC_0027179.jpg,0.546143
ISIC_0027184.jpg,0.657715
ISIC_0027187.jpg,0.875244
ISIC_0027188.jpg,0.054199
ISIC_0027189.jpg,0.376221
ISIC_0027190.jpg,0.549316
ISIC_0027192.jpg,0.101562
ISIC_0027194.jpg,0.606934
ISIC_0027202.jpg,0.334473
ISIC_0027204.jpg,0.748535
ISIC_0027210.jpg,0.037842
ISIC_0027216.jpg,0.599365
ISIC_0027218.jpg,0.260986
ISIC_0027219.jpg,0.450684
ISIC_0027229.jpg,0.315918
ISIC_0027231.jpg,0.548340
ISIC_0027234.jpg,0.527100
ISIC_0027238.jpg,0.390625
ISIC_0027239.jpg,0.379639
ISIC_0027253.jpg,0.259521
ISIC_0027254.jpg,0.693115
ISIC_0027256.jpg,0.230713
ISIC_0027260.jpg,0.068115
ISIC_0027261.jpg,0.064941
ISIC_0027263.jpg,0.199951
ISIC_0027269.jpg,0.285889
ISIC_0027270.jpg,0.346436
ISIC_0027275.jpg,0.161865
ISIC_0027277.jpg,0.322266
ISIC_0027279.jpg,0.185303
ISIC_0027281.jpg,0.145020
ISIC_0027282.jpg,0.233398
ISIC_0027287.jpg,0.576904
ISIC_0027291.jpg,0.184814
ISIC_0027294.jpg,0.021729
ISIC_0027295.jpg,0.399902
ISIC_0027297.jpg,0.094971
ISIC_0027300.jpg,0.409180
ISIC_0027302.jpg,0.422852
ISIC_0027303.jpg,0.446533
ISIC_0027306.jpg,0.548828
ISIC_0027310.jpg,0.302490
ISIC_0027320.jpg,0.545410
ISIC_0027326.jpg,0.461914
ISIC_0027327.jpg,0.161865
ISIC_0027328.jpg,0.483398
ISIC_0027332.jpg,0.477783
ISIC_0027334.jpg,0.408203
ISIC_0027335.jpg,0.146973
ISIC_0027337.jpg,0.321533
ISIC_0027343.jpg,0.037109
ISIC_0027344.jpg,0.526123
ISIC_0027350.jpg,0.105713
ISIC_0027352.jpg,0.116699
ISIC_0027354.jpg,0.715820
ISIC_0027355.jpg,0.240479
ISIC_0027359.jpg,0.303955
ISIC_0027365.jpg,0.069336
ISIC_0027367.jpg,0.427002
ISIC_0027370.jpg,0.351074
ISIC_0027371.jpg,0.041748
ISIC_0027374.jpg,0.129395
ISIC_0027385.jpg,0.061279
ISIC_0027387.jpg,0.186768
ISIC_0027388.jpg,0.695068
ISIC_0027392.jpg,0.816162
ISIC_0027394.jpg,0.216553
ISIC_0027402.jpg,0.085693
ISIC_0027407.jpg,0.576416
ISIC_0027419.jpg,0.316406
ISIC_0027420.jpg,0.233398
ISIC_0027425.jpg,0.237061
ISIC_0027428.jpg,0.209961
ISIC_0027433.jpg,0.788818
ISIC_0027435.jpg,0.103760
ISIC_0027436.jpg,0.354004
ISIC_0027437.jpg,0.092529
ISIC_0027442.jpg,0.395020
ISIC_0027447.jpg,0.718262
ISIC_0027451.jpg,0.402100
ISIC_0027452.jpg,0.319336
ISIC_0027454.jpg,0.320068
ISIC_0027455.jpg,0.063965
ISIC_0027463.jpg,0.147217
ISIC_0027470.jpg,0.188965
ISIC_0027473.jpg,0.123535
ISIC_0027478.jpg,0.071289
ISIC_0027480.jpg,0.499268
ISIC_0027487.jpg,0.139404
ISIC_0027488.jpg,0.380859
ISIC_0027502.jpg,0.081299
ISIC_0027504.jpg,0.427002
ISIC_0027506.jpg,0.436035
ISIC_0027507.jpg,0.084961
ISIC_0027509.jpg,0.288574
ISIC_0027513.jpg,0.207275
ISIC_0027517.jpg,0.092529
ISIC_0027522.jpg,0.035645
ISIC_0027525.jpg,0.531982
ISIC_0027526.jpg,0.666260
ISIC_0027527.jpg,0.261475
ISIC_0027529.jpg,0.466309
ISIC_0027531.jpg,0.397949
ISIC_0027533.jpg,0.198242
ISIC_0027536.jpg,0.434814
ISIC_0027544.jpg,0.058838
ISIC_0027545.jpg,0.088379
ISIC_0027546.jpg,0.116943
ISIC_0027550.jpg,0.255859
ISIC_0027552.jpg,0.235352
ISIC_0027559.jpg,0.449463
ISIC_0027560.jpg,0.295410
ISIC_0027561.jpg,0.408936
ISIC_0027562.jpg,0.699219
ISIC_0027563.jpg,0.105469
ISIC_0027573.jpg,0.114746
ISIC_0027577.jpg,0.564941
ISIC_0027580.jpg,0.542236
ISIC_0027584.jpg,0.723877
ISIC_0027588.jpg,0.158936
ISIC_0027590.jpg,0.850098
ISIC_0027595.jpg,0.449463
ISIC_0027598.jpg,0.286621
ISIC_0027601.jpg,0.240967
ISIC_0027604.jpg,0.158203
ISIC_0027606.jpg,0.572754
ISIC_0027608.jpg,0.479248
ISIC_0027609.jpg,0.261719
ISIC_0027612.jpg,0.203369
ISIC_0027613.jpg,0.066650
ISIC_0027615.jpg,0.266602
ISIC_0027616.jpg,0.360840
ISIC_0027620.jpg,0.412109
ISIC_0027622.jpg,0.407959
ISIC_0027626.jpg,0.514893
ISIC_0027629.jpg,0.068848
ISIC_0027631.jpg,0.466797
ISIC_0027648.jpg,0.208740
ISIC_0027649.jpg,0.453125
ISIC_0027650.jpg,0.509277
ISIC_0027651.jpg,0.067871
ISIC_0027652.jpg,0.189697
ISIC_0027659.jpg,0.089600
ISIC_0027663.jpg,0.175781
ISIC_0027665.jpg,0.075684
ISIC_0027668.jpg,0.115723
ISIC_0027669.jpg,0.750488
ISIC_0027672.jpg,0.279297
ISIC_0027673.jpg,0.476074
ISIC_0027675.jpg,0.602539
ISIC_0027677.jpg,0.106201
ISIC_0027678.jpg,0.529785
ISIC_0027680.jpg,0.459961
ISIC_0027681.jpg,0.764648
ISIC_0027693.jpg,0.331787
ISIC_0027700.jpg,0.163574
ISIC_0027702.jpg,0.777832
ISIC_0027704.jpg,0.211182
ISIC_0027706.jpg,0.210938
ISIC_0027708.jpg,0.767822
ISIC_0027710.jpg,0.515381
ISIC_0027713.jpg,0.558594
ISIC_0027719.jpg,0.398682
ISIC_0027721.jpg,0.543701
ISIC_0027722.jpg,0.276611
ISIC_0027727.jpg,0.243408
ISIC_0027735.jpg,0.064697
ISIC_0027737.jpg,0.094238
ISIC_0027739.jpg,0.053467
ISIC_0027742.jpg,0.310547
ISIC_0027744.jpg,0.199463
ISIC_0027745.jpg,0.406738
ISIC_0027747.jpg,0.756836
ISIC_0027753.jpg,0.450928
ISIC_0027754.jpg,0.479004
ISIC_0027759.jpg,0.092529
ISIC_0027760.jpg,0.376465
ISIC_0027767.jpg,0.150146
ISIC_0027769.jpg,0.041504
ISIC_0027770.jpg,0.377686
ISIC_0027771.jpg,0.272705
ISIC_0027774.jpg,0.053711
ISIC_0027776.jpg,0.796631
ISIC_0027780.jpg,0.579590
ISIC_0027781.jpg,0.187500
ISIC_0027786.jpg,0.245361
ISIC_0027788.jpg,0.167480
ISIC_0027790.jpg,0.117920
ISIC_0027793.jpg,0.234863
ISIC_0027795.jpg,0.355469
ISIC_0027796.jpg,0.099121
ISIC_0027797.jpg,0.064453
ISIC_0027801.jpg,0.270508
ISIC_0027802.jpg,0.550537
ISIC_0027806.jpg,0.225342
ISIC_0027811.jpg,0.094971
ISIC_0027814.jpg,0.153320
ISIC_0027815.jpg,0.490967
ISIC_0027819.jpg,0.081787
ISIC_0027820.jpg,0.089111
ISIC_0027822.jpg,0.075928
ISIC_0027825.jpg,0.398193
ISIC_0027826.jpg,0.566406
ISIC_0027828.jpg,0.194336
ISIC_0027829.jpg,0.245117
ISIC_0027831.jpg,0.467529
ISIC_0027832.jpg,0.158447
ISIC_0027838.jpg,0.741943
ISIC_0027846.jpg,0.526123
ISIC_0027850.jpg,0.164795
ISIC_0027851.jpg,0.059326
ISIC_0027856.jpg,0.025635
ISIC_0027858.jpg,0.679932
ISIC_0027859.jpg,0.490967
ISIC_0027863.jpg,0.420166
ISIC_0027865.jpg,0.494141
ISIC_0027872.jpg,0.656982
ISIC_0027875.jpg,0.369385
ISIC_0027876.jpg,0.308838
ISIC_0027884.jpg,0.706543
ISIC_0027888.jpg,0.044922
ISIC_0027893.jpg,0.453613
ISIC_0027896.jpg,0.517578
ISIC_0027900.jpg,0.243408
ISIC_0027903.jpg,0.561768
ISIC_0027904.jpg,0.285645
ISIC_0027905.jpg,0.014893
ISIC_0027915.jpg,0.672852
ISIC_0027916.jpg,0.255615
ISIC_0027920.jpg,0.200439
ISIC_0027930.jpg,0.221680
ISIC_0027937.jpg,0.062744
ISIC_0027950.jpg,0.690918
ISIC_0027953.jpg,0.462891
ISIC_0027954.jpg,0.264160
ISIC_0027956.jpg,0.448730
ISIC_0027957.jpg,0.024170
ISIC_0027958.jpg,0.495605
ISIC_0027960.jpg,0.476562
ISIC_0027964.jpg,0.273926
ISIC_0027966.jpg,0.293945
ISIC_0027967.jpg,0.693115
ISIC_0027969.jpg,0.091553
ISIC_0027973.jpg,0.818604
ISIC_0027976.jpg,0.190674
ISIC_0027982.jpg,0.284180
ISIC_0027983.jpg,0.015625
ISIC_0027989.jpg,0.390869
ISIC_0027990.jpg,0.265625
ISIC_0027991.jpg,0.354492
ISIC_0027996.jpg,0.364258
ISIC_0027998.jpg,0.371826
ISIC_0028003.jpg,0.397949
ISIC_0028017.jpg,0.182373
ISIC_0028020.jpg,0.203369
ISIC_0028022.jpg,0.441406
ISIC_0028026.jpg,0.353271
ISIC_0028029.jpg,0.086182
ISIC_0028033.jpg,0.158936
ISIC_0028035.jpg,0.057861
ISIC_0028041.jpg,0.057129
ISIC_0028043.jpg,0.565430
ISIC_0028050.jpg,0.415283
ISIC_0028051.jpg,0.324951
ISIC_0028052.jpg,0.040039
ISIC_0028056.jpg,0.166260
ISIC_0028059.jpg,0.198486
ISIC_0028063.jpg,0.516846
ISIC_0028065.jpg,0.160400
ISIC_0028069.jpg,0.049316
ISIC_0028075.jpg,0.559326
ISIC_0028076.jpg,0.457520
ISIC_0028079.jpg,0.039062
ISIC_0028080.jpg,0.040283
ISIC_0028082.jpg,0.648682
ISIC_0028084.jpg,0.073975
ISIC_0028085.jpg,0.135986
ISIC_0028086.jpg,0.415771
ISIC_0028087.jpg,0.053223
ISIC_0028094.jpg,0.062012
ISIC_0028095.jpg,0.113525
ISIC_0028100.jpg,0.361328
ISIC_0028103.jpg,0.363525
ISIC_0028104.jpg,0.158691
ISIC_0028106.jpg,0.234131
ISIC_0028107.jpg,0.480957
ISIC_0028109.jpg,0.030273
ISIC_0028113.jpg,0.466309
ISIC_0028114.jpg,0.480713
ISIC_0028120.jpg,0.170898
ISIC_0028121.jpg,0.864014
ISIC_0028122.jpg,0.551270
ISIC_0028123.jpg,0.077637
ISIC_0028124.jpg,0.935303
ISIC_0028126.jpg,0.438477
ISIC_0028127.jpg,0.488281
ISIC_0028132.jpg,0.310303
ISIC_0028146.jpg,0.304443
ISIC_0028147.jpg,0.175537
ISIC_0028148.jpg,0.460449
ISIC_0028155.jpg,0.460938
ISIC_0028156.jpg,0.260254
ISIC_0028158.jpg,0.104248
ISIC_0028163.jpg,0.105957
ISIC_0028165.jpg,0.787598
ISIC_0028168.jpg,0.116699
ISIC_0028173.jpg,0.750488
ISIC_0028180.jpg,0.200928
ISIC_0028188.jpg,0.665039
ISIC_0028190.jpg,0.506836
ISIC_0028197.jpg,0.478271
ISIC_0028198.jpg,0.156982
ISIC_0028200.jpg,0.174561
ISIC_0028201.jpg,0.327881
ISIC_0028209.jpg,0.082275
ISIC_0028211.jpg,0.313477
ISIC_0028215.jpg,0.168213
ISIC_0028218.jpg,0.710693
ISIC_0028219.jpg,0.041260
ISIC_0028220.jpg,0.278564
ISIC_0028223.jpg,0.292480
ISIC_0028224.jpg,0.177979
ISIC_0028225.jpg,0.213867
ISIC_0028227.jpg,0.314209
ISIC_0028228.jpg,0.839355
ISIC_0028229.jpg,0.395508
ISIC_0028231.jpg,0.968994
ISIC_0028232.jpg,0.458496
ISIC_0028233.jpg,0.577393
ISIC_0028236.jpg,0.719482
ISIC_0028237.jpg,0.118164
ISIC_0028238.jpg,0.467285
ISIC_0028254.jpg,0.725830
ISIC_0028258.jpg,0.533447
ISIC_0028264.jpg,0.160645
ISIC_0028283.jpg,0.588379
ISIC_0028285.jpg,0.438232
ISIC_0028288.jpg,0.223877
ISIC_0028291.jpg,0.239990
ISIC_0028294.jpg,0.051514
ISIC_0028303.jpg,0.294434
ISIC_0028306.jpg,0.241211
ISIC_0028308.jpg,0.214600
ISIC_0028309.jpg,0.127441
ISIC_0028314.jpg,0.543945
ISIC_0028316.jpg,0.351807
ISIC_0028317.jpg,0.119873
ISIC_0028323.jpg,0.226807
ISIC_0028325.jpg,0.068848
ISIC_0028326.jpg,0.053955
ISIC_0028329.jpg,0.360596
ISIC_0028331.jpg,0.775146
ISIC_0028335.jpg,0.426025
ISIC_0028336.jpg,0.235596
ISIC_0028343.jpg,0.304199
ISIC_0028346.jpg,0.448486
ISIC_0028347.jpg,0.030029
ISIC_0028350.jpg,0.261475
ISIC_0028352.jpg,0.221680
ISIC_0028354.jpg,0.719238
ISIC_0028361.jpg,0.412109
ISIC_0028370.jpg,0.322266
ISIC_0028372.jpg,0.411865
ISIC_0028376.jpg,0.209229
ISIC_0028381.jpg,0.524902
ISIC_0028386.jpg,0.202881
ISIC_0028388.jpg,0.537598
ISIC_0028389.jpg,0.194580
ISIC_0028393.jpg,0.561035
ISIC_0028404.jpg,0.400146
ISIC_0028406.jpg,0.034668
ISIC_0028410.jpg,0.104004
ISIC_0028411.jpg,0.272461
ISIC_0028412.jpg,0.185059
ISIC_0028414.jpg,0.282471
ISIC_0028415.jpg,0.411377
ISIC_0028418.jpg,0.522461
ISIC_0028419.jpg,0.167725
ISIC_0028431.jpg,0.053955
ISIC_0028442.jpg,0.373779
ISIC_0028445.jpg,0.113281
ISIC_0028448.jpg,0.148682
ISIC_0028449.jpg,0.457031
ISIC_0028451.jpg,0.410156
ISIC_0028457.jpg,0.099365
ISIC_0028460.jpg,0.141846
ISIC_0028463.jpg,0.819580
ISIC_0028465.jpg,0.548584
ISIC_0028467.jpg,0.102539
ISIC_0028473.jpg,0.177734
ISIC_0028479.jpg,0.565918
ISIC_0028481.jpg,0.225342
ISIC_0028486.jpg,0.132080
ISIC_0028489.jpg,0.080322
ISIC_0028490.jpg,0.235107
ISIC_0028493.jpg,0.471680
ISIC_0028495.jpg,0.118896
ISIC_0028496.jpg,0.497314
ISIC_0028497.jpg,0.146240
ISIC_0028499.jpg,0.375488
ISIC_0028503.jpg,0.430908
ISIC_0028505.jpg,0.507568
ISIC_0028508.jpg,0.557861
ISIC_0028511.jpg,0.315674
ISIC_0028512.jpg,0.177979
ISIC_0028517.jpg,0.542969
ISIC_0028519.jpg,0.429688
ISIC_0028520.jpg,0.310303
ISIC_0028525.jpg,0.462891
ISIC_0028537.jpg,0.276367
ISIC_0028542.jpg,0.030273
ISIC_0028543.jpg,0.570557
ISIC_0028548.jpg,0.438232
ISIC_0028550.jpg,0.174316
ISIC_0028555.jpg,0.359375
ISIC_0028556.jpg,0.182129
ISIC_0028558.jpg,0.375244
ISIC_0028560.jpg,0.017090
ISIC_0028565.jpg,0.037842
ISIC_0028567.jpg,0.673340
ISIC_0028568.jpg,0.615723
ISIC_0028570.jpg,0.033447
ISIC_0028577.jpg,0.396484
ISIC_0028579.jpg,0.121338
ISIC_0028582.jpg,0.244141
ISIC_0028583.jpg,0.340576
ISIC_0028584.jpg,0.479736
ISIC_0028587.jpg,0.439453
ISIC_0028593.jpg,0.614014
ISIC_0028607.jpg,0.024414
ISIC_0028611.jpg,0.429688
ISIC_0028615.jpg,0.107666
ISIC_0028619.jpg,0.048340
ISIC_0028622.jpg,0.584717
ISIC_0028623.jpg,0.209717
ISIC_0028628.jpg,0.590088
ISIC_0028640.jpg,0.486084
ISIC_0028642.jpg,0.147949
ISIC_0028644.jpg,0.451904
ISIC_0028646.jpg,0.346436
ISIC_0028650.jpg,0.552246
ISIC_0028651.jpg,0.179932
ISIC_0028652.jpg,0.215332
ISIC_0028653.jpg,0.179443
ISIC_0028655.jpg,0.302979
ISIC_0028656.jpg,0.424316
ISIC_0028659.jpg,0.215576
ISIC_0028662.jpg,0.814453
ISIC_0028666.jpg,0.361328
ISIC_0028670.jpg,0.054688
ISIC_0028671.jpg,0.440674
ISIC_0028677.jpg,0.346924
ISIC_0028680.jpg,0.102295
ISIC_0028681.jpg,0.470215
ISIC_0028685.jpg,0.439453
ISIC_0028687.jpg,0.432129
ISIC_0028688.jpg,0.138672
ISIC_0028693.jpg,0.308838
ISIC_0028696.jpg,0.323730
ISIC_0028701.jpg,0.432861
ISIC_0028702.jpg,0.361816
ISIC_0028707.jpg,0.496826
ISIC_0028709.jpg,0.206543
ISIC_0028710.jpg,0.518555
ISIC_0028714.jpg,0.035645
ISIC_0028718.jpg,0.464355
ISIC_0028719.jpg,0.094238
ISIC_0028728.jpg,0.494141
ISIC_0028730.jpg,0.182617
ISIC_0028735.jpg,0.028564
ISIC_0028739.jpg,0.324707
ISIC_0028746.jpg,0.237061
ISIC_0028747.jpg,0.569824
ISIC_0028749.jpg,0.190918
ISIC_0028750.jpg,0.849121
ISIC_0028760.jpg,0.078369
ISIC_0028763.jpg,0.685303
ISIC_0028764.jpg,0.219482
ISIC_0028765.jpg,0.260010
ISIC_0028773.jpg,0.508545
ISIC_0028774.jpg,0.061768
ISIC_0028777.jpg,0.151855
ISIC_0028790.jpg,0.341553
ISIC_0028792.jpg,0.327881
ISIC_0028795.jpg,0.433594
ISIC_0028797.jpg,0.343018
ISIC_0028807.jpg,0.173096
ISIC_0028814.jpg,0.295166
ISIC_0028815.jpg,0.052002
ISIC_0028816.jpg,0.236084
ISIC_0028818.jpg,0.248291
ISIC_0028820.jpg,0.208008
ISIC_0028822.jpg,0.344727
ISIC_0028826.jpg,0.500244
ISIC_0028830.jpg,0.365479
ISIC_0028840.jpg,0.432373
ISIC_0028842.jpg,0.386963
ISIC_0028846.jpg,0.106689
ISIC_0028847.jpg,0.538086
ISIC_0028854.jpg,0.602295
ISIC_0028856.jpg,0.186523
ISIC_0028858.jpg,0.364014
ISIC_0028860.jpg,0.871826
ISIC_0028871.jpg,0.182861
ISIC_0028872.jpg,0.458008
ISIC_0028876.jpg,0.181885
ISIC_0028877.jpg,0.325439
ISIC_0028878.jpg,0.525635
ISIC_0028880.jpg,0.330566
ISIC_0028881.jpg,0.446045
ISIC_0028885.jpg,0.084473
ISIC_0028890.jpg,0.037598
ISIC_0028897.jpg,0.203369
ISIC_0028898.jpg,0.342773
ISIC_0028899.jpg,0.221680
ISIC_0028900.jpg,0.318848
ISIC_0028901.jpg,0.120117
ISIC_0028913.jpg,0.088135
ISIC_0028915.jpg,0.293213
ISIC_0028916.jpg,0.503174
ISIC_0028920.jpg,0.306396
ISIC_0028925.jpg,0.540771
ISIC_0028926.jpg,0.161377
ISIC_0028928.jpg,0.072021
ISIC_0028929.jpg,0.311035
ISIC_0028930.jpg,0.100586
ISIC_0028931.jpg,0.546631
ISIC_0028937.jpg,0.740234
ISIC_0028941.jpg,0.584717
ISIC_0028943.jpg,0.219727
ISIC_0028952.jpg,0.304443
ISIC_0028958.jpg,0.273193
ISIC_0028964.jpg,0.171875
ISIC_0028965.jpg,0.539551
ISIC_0028968.jpg,0.610596
ISIC_0028969.jpg,0.418701
ISIC_0028970.jpg,0.693604
ISIC_0028972.jpg,0.869141
ISIC_0028973.jpg,0.312988
ISIC_0028977.jpg,0.592773
ISIC_0028978.jpg,0.055664
ISIC_0028980.jpg,0.156006
ISIC_0028984.jpg,0.354248
ISIC_0028989.jpg,0.235107
ISIC_0028990.jpg,0.407715
ISIC_0028992.jpg,0.662354
ISIC_0028994.jpg,0.228516
ISIC_0028995.jpg,0.115967
ISIC_0029000.jpg,0.132080
ISIC_0029002.jpg,0.785889
ISIC_0029003.jpg,0.295410
ISIC_0029010.jpg,0.252197
ISIC_0029012.jpg,0.084961
ISIC_0029013.jpg,0.114014
ISIC_0029014.jpg,0.335449
ISIC_0029017.jpg,0.064209
ISIC_0029020.jpg,0.303711
ISIC_0029021.jpg,0.314209
ISIC_0029022.jpg,0.087402
ISIC_0029025.jpg,0.225098
ISIC_0029028.jpg,0.131104
ISIC_0029029.jpg,0.160889
ISIC_0029031.jpg,0.409668
ISIC_0029032.jpg,0.231201
ISIC_0029033.jpg,0.323242
ISIC_0029034.jpg,0.606201
ISIC_0029035.jpg,0.188477
ISIC_0029036.jpg,0.264404
ISIC_0029039.jpg,0.215332
ISIC_0029040.jpg,0.008545
ISIC_0029041.jpg,0.322021
ISIC_0029043.jpg,0.476074
ISIC_0029048.jpg,0.342529
ISIC_0029051.jpg,0.491699
ISIC_0029052.jpg,0.439941
ISIC_0029053.jpg,0.119873
ISIC_0029056.jpg,0.228271
ISIC_0029059.jpg,0.223389
ISIC_0029060.jpg,0.135986
ISIC_0029061.jpg,0.382812
ISIC_0029062.jpg,0.436035
ISIC_0029067.jpg,0.483154
ISIC_0029068.jpg,0.053467
ISIC_0029070.jpg,0.877686
ISIC_0029080.jpg,0.129150
ISIC_0029081.jpg,0.099854
ISIC_0029082.jpg,0.486572
ISIC_0029083.jpg,0.406738
ISIC_0029089.jpg,0.523193
ISIC_0029092.jpg,0.352295
ISIC_0029094.jpg,0.449707
ISIC_0029099.jpg,0.017822
ISIC_0029100.jpg,0.531250
ISIC_0029101.jpg,0.351318
ISIC_0029102.jpg,0.162109
ISIC_0029107.jpg,0.118652
ISIC_0029108.jpg,0.173096
ISIC_0029113.jpg,0.250488
ISIC_0029115.jpg,0.118896
ISIC_0029123.jpg,0.050293
ISIC_0029126.jpg,0.363037
ISIC_0029129.jpg,0.657471
ISIC_0029130.jpg,0.744385
ISIC_0029133.jpg,0.728271
ISIC_0029135.jpg,0.096191
ISIC_0029139.jpg,0.456787
ISIC_0029141.jpg,0.061035
ISIC_0029146.jpg,0.445801
ISIC_0029147.jpg,0.178467
ISIC_0029157.jpg,0.309814
ISIC_0029161.jpg,0.321777
ISIC_0029163.jpg,0.215332
ISIC_0029166.jpg,0.503174
ISIC_0029170.jpg,0.745117
ISIC_0029172.jpg,0.326172
ISIC_0029176.jpg,0.181396
ISIC_0029177.jpg,0.314453
ISIC_0029192.jpg,0.329102
ISIC_0029193.jpg,0.288574
ISIC_0029195.jpg,0.252197
ISIC_0029201.jpg,0.203125
ISIC_0029202.jpg,0.233398
ISIC_0029206.jpg,0.559570
ISIC_0029209.jpg,0.015869
ISIC_0029210.jpg,0.266846
ISIC_0029212.jpg,0.431641
ISIC_0029213.jpg,0.292969
ISIC_0029216.jpg,0.244385
ISIC_0029217.jpg,0.364990
ISIC_0029220.jpg,0.269775
ISIC_0029227.jpg,0.367188
ISIC_0029230.jpg,0.280518
ISIC_0029232.jpg,0.238770
ISIC_0029233.jpg,0.267822
ISIC_0029235.jpg,0.183594
ISIC_0029238.jpg,0.490479
ISIC_0029241.jpg,0.622070
ISIC_0029242.jpg,0.354980
ISIC_0029243.jpg,0.507812
ISIC_0029248.jpg,0.212158
ISIC_0029249.jpg,0.187012
ISIC_0029251.jpg,0.327393
ISIC_0029260.jpg,0.191406
ISIC_0029263.jpg,0.661621
ISIC_0029265.jpg,0.544434
ISIC_0029268.jpg,0.157471
ISIC_0029270.jpg,0.050049
ISIC_0029271.jpg,0.536865
ISIC_0029272.jpg,0.295410
ISIC_0029278.jpg,0.285645
ISIC_0029279.jpg,0.478760
ISIC_0029281.jpg,0.229248
ISIC_0029288.jpg,0.099609
ISIC_0029289.jpg,0.021240
ISIC_0029291.jpg,0.041504
ISIC_0029297.jpg,0.200439
ISIC_0029301.jpg,0.025635
ISIC_0029302.jpg,0.095947
ISIC_0029308.jpg,0.641602
ISIC_0029309.jpg,0.833252
ISIC_0029311.jpg,0.472656
ISIC_0029315.jpg,0.222168
ISIC_0029316.jpg,0.645508
ISIC_0029318.jpg,0.477295
ISIC_0029319.jpg,0.519775
ISIC_0029320.jpg,0.170654
ISIC_0029323.jpg,0.474609
ISIC_0029329.jpg,0.135986
ISIC_0029331.jpg,0.451660
ISIC_0029337.jpg,0.274170
ISIC_0029340.jpg,0.110596
ISIC_0029341.jpg,0.349854
ISIC_0029342.jpg,0.441162
ISIC_0029343.jpg,0.051758
ISIC_0029345.jpg,0.527588
ISIC_0029352.jpg,0.157227
ISIC_0029353.jpg,0.438477
ISIC_0029358.jpg,0.588379
ISIC_0029360.jpg,0.256592
ISIC_0029362.jpg,0.359863
ISIC_0029363.jpg,0.145752
ISIC_0029370.jpg,0.345703
ISIC_0029371.jpg,0.239502
ISIC_0029372.jpg,0.039551
ISIC_0029384.jpg,0.269531
ISIC_0029391.jpg,0.278076
ISIC_0029392.jpg,0.307129
ISIC_0029394.jpg,0.514893
ISIC_0029396.jpg,0.031494
ISIC_0029397.jpg,0.530273
ISIC_0029404.jpg,0.057617
ISIC_0029406.jpg,0.605713
ISIC_0029412.jpg,0.089600
ISIC_0029413.jpg,0.573730
ISIC_0029417.jpg,0.467285
ISIC_0029418.jpg,0.163330
ISIC_0029420.jpg,0.302002
ISIC_0029425.jpg,0.621338
ISIC_0029427.jpg,0.536133
ISIC_0029434.jpg,0.269043
ISIC_0029439.jpg,0.060059
ISIC_0029443.jpg,0.287842
ISIC_0029448.jpg,0.170410
ISIC_0029453.jpg,0.036377
ISIC_0029454.jpg,0.405029
ISIC_0029455.jpg,0.012695
ISIC_0029460.jpg,0.095459
ISIC_0029462.jpg,0.558350
ISIC_0029464.jpg,0.118896
ISIC_0029466.jpg,0.091309
ISIC_0029472.jpg,0.289795
ISIC_0029473.jpg,0.692627
ISIC_0029474.jpg,0.311768
ISIC_0029480.jpg,0.067139
ISIC_0029486.jpg,0.109131
ISIC_0029489.jpg,0.263428
ISIC_0029495.jpg,0.093262
ISIC_0029500.jpg,0.682861
ISIC_0029501.jpg,0.456787
ISIC_0029502.jpg,0.035156
ISIC_0029505.jpg,0.033936
ISIC_0029512.jpg,0.474609
ISIC_0029513.jpg,0.146973
ISIC_0029514.jpg,0.034180
ISIC_0029515.jpg,0.385010
ISIC_0029518.jpg,0.472900
ISIC_0029519.jpg,0.277832
ISIC_0029522.jpg,0.110840
ISIC_0029524.jpg,0.150391
ISIC_0029525.jpg,0.455811
ISIC_0029527.jpg,0.488525
ISIC_0029533.jpg,0.321777
ISIC_0029538.jpg,0.076172
ISIC_0029539.jpg,0.252197
ISIC_0029541.jpg,0.643311
ISIC_0029545.jpg,0.258301
ISIC_0029546.jpg,0.195557
ISIC_0029547.jpg,0.076660
ISIC_0029548.jpg,0.375244
ISIC_0029549.jpg,0.298340
ISIC_0029555.jpg,0.132568
ISIC_0029557.jpg,0.078125
ISIC_0029558.jpg,0.358398
ISIC_0029559.jpg,0.018555
ISIC_0029562.jpg,0.012207
ISIC_0029563.jpg,0.610596
ISIC_0029564.jpg,0.024170
ISIC_0029567.jpg,0.509521
ISIC_0029568.jpg,0.359375
ISIC_0029570.jpg,0.045898
ISIC_0029571.jpg,0.107178
ISIC_0029573.jpg,0.124268
ISIC_0029574.jpg,0.399902
ISIC_0029575.jpg,0.724854
ISIC_0029576.jpg,0.084717
ISIC_0029578.jpg,0.476807
ISIC_0029580.jpg,0.195557
ISIC_0029582.jpg,0.701416
ISIC_0029585.jpg,0.154053
ISIC_0029588.jpg,0.012695
ISIC_0029591.jpg,0.516846
ISIC_0029596.jpg,0.258545
ISIC_0029598.jpg,0.433594
ISIC_0029600.jpg,0.390869
ISIC_0029602.jpg,0.283691
ISIC_0029603.jpg,0.506104
ISIC_0029606.jpg,0.104004
ISIC_0029608.jpg,0.120605
ISIC_0029610.jpg,0.120361
ISIC_0029612.jpg,0.124756
ISIC_0029613.jpg,0.430420
ISIC_0029617.jpg,0.080078
ISIC_0029627.jpg,0.175293
ISIC_0029630.jpg,0.462402
ISIC_0029632.jpg,0.481445
ISIC_0029634.jpg,0.320068
ISIC_0029638.jpg,0.471924
ISIC_0029642.jpg,0.433838
ISIC_0029644.jpg,0.358154
ISIC_0029647.jpg,0.373535
ISIC_0029651.jpg,0.258301
ISIC_0029652.jpg,0.248291
ISIC_0029655.jpg,0.261719
ISIC_0029659.jpg,0.575195
ISIC_0029660.jpg,0.080322
ISIC_0029669.jpg,0.199219
ISIC_0029674.jpg,0.049316
ISIC_0029676.jpg,0.468018
ISIC_0029678.jpg,0.118408
ISIC_0029680.jpg,0.639893
ISIC_0029682.jpg,0.334717
ISIC_0029683.jpg,0.498047
ISIC_0029687.jpg,0.029541
ISIC_0029698.jpg,0.239990
ISIC_0029705.jpg,0.275879
ISIC_0029713.jpg,0.341064
ISIC_0029715.jpg,0.215576
ISIC_0029726.jpg,0.417969
ISIC_0029731.jpg,0.531494
ISIC_0029740.jpg,0.393311
ISIC_0029741.jpg,0.598145
ISIC_0029742.jpg,0.118164
ISIC_0029744.jpg,0.657959
ISIC_0029745.jpg,0.285156
ISIC_0029747.jpg,0.158691
ISIC_0029755.jpg,0.093750
ISIC_0029760.jpg,0.247803
ISIC_0029764.jpg,0.132324
ISIC_0029770.jpg,0.177246
ISIC_0029776.jpg,0.383789
ISIC_0029778.jpg,0.564453
ISIC_0029779.jpg,0.129883
ISIC_0029780.jpg,0.888184
ISIC_0029781.jpg,0.449707
ISIC_0029783.jpg,0.176270
ISIC_0029789.jpg,0.456543
ISIC_0029791.jpg,0.286865
ISIC_0029793.jpg,0.436768
ISIC_0029801.jpg,0.374512
ISIC_0029802.jpg,0.170898
ISIC_0029805.jpg,0.331787
ISIC_0029810.jpg,0.301270
ISIC_0029811.jpg,0.466553
ISIC_0029819.jpg,1.000000
ISIC_0029820.jpg,0.516602
ISIC_0029823.jpg,0.192871
ISIC_0029824.jpg,0.155029
ISIC_0029827.jpg,0.188232
ISIC_0029830.jpg,0.636963
ISIC_0029831.jpg,0.311279
ISIC_0029836.jpg,0.110840
ISIC_0029837.jpg,0.048096
ISIC_0029839.jpg,0.260742
ISIC_0029840.jpg,0.355713
ISIC_0029841.jpg,0.278564
ISIC_0029843.jpg,0.158691
ISIC_0029847.jpg,0.051270
ISIC_0029849.jpg,0.127930
ISIC_0029851.jpg,0.602539
ISIC_0029856.jpg,0.358643
ISIC_0029857.jpg,0.100342
ISIC_0029859.jpg,0.384033
ISIC_0029860.jpg,0.307373
ISIC_0029872.jpg,0.323730
ISIC_0029877.jpg,0.278564
ISIC_0029878.jpg,0.471436
ISIC_0029880.jpg,0.336670
ISIC_0029884.jpg,0.691406
ISIC_0029885.jpg,0.278809
ISIC_0029889.jpg,0.023682
ISIC_0029891.jpg,0.899658
ISIC_0029893.jpg,0.170166
ISIC_0029897.jpg,0.562256
ISIC_0029899.jpg,0.311035
ISIC_0029900.jpg,0.970215
ISIC_0029909.jpg,0.765137
ISIC_0029912.jpg,0.102051
ISIC_0029913.jpg,0.043213
ISIC_0029914.jpg,0.567871
ISIC_0029915.jpg,0.074707
ISIC_0029917.jpg,0.326904
ISIC_0029919.jpg,0.364990
ISIC_0029924.jpg,0.089844
ISIC_0029927.jpg,0.039307
ISIC_0029929.jpg,0.532959
ISIC_0029930.jpg,0.592529
ISIC_0029931.jpg,0.319824
ISIC_0029932.jpg,0.361816
ISIC_0029933.jpg,0.387695
ISIC_0029937.jpg,0.294922
ISIC_0029947.jpg,0.012695
ISIC_0029951.jpg,0.274414
ISIC_0029958.jpg,0.709961
ISIC_0029962.jpg,0.321045
ISIC_0029967.jpg,0.170410
ISIC_0029973.jpg,0.313477
ISIC_0029974.jpg,0.720947
ISIC_0029991.jpg,0.328857
ISIC_0029995.jpg,0.331787
ISIC_0030002.jpg,0.460205
ISIC_0030005.jpg,0.388428
ISIC_0030007.jpg,0.236328
ISIC_0030010.jpg,0.050781
ISIC_0030011.jpg,0.622559
ISIC_0030014.jpg,0.040039
ISIC_0030015.jpg,0.309570
ISIC_0030021.jpg,0.178955
ISIC_0030026.jpg,0.207031
ISIC_0030031.jpg,0.145264
ISIC_0030032.jpg,0.188965
ISIC_0030034.jpg,0.377441
ISIC_0030036.jpg,0.533447
ISIC_0030047.jpg,0.158691
ISIC_0030056.jpg,0.593994
ISIC_0030060.jpg,0.325439
ISIC_0030067.jpg,0.235596
ISIC_0030070.jpg,0.024170
ISIC_0030076.jpg,0.504150
ISIC_0030080.jpg,0.181641
ISIC_0030081.jpg,0.081543
ISIC_0030083.jpg,0.488281
ISIC_0030088.jpg,0.614502
ISIC_0030089.jpg,0.101074
ISIC_0030094.jpg,0.032471
ISIC_0030095.jpg,0.521973
ISIC_0030096.jpg,0.195557
ISIC_0030104.jpg,0.116211
ISIC_0030105.jpg,0.175781
ISIC_0030106.jpg,0.359375
ISIC_0030107.jpg,0.184326
ISIC_0030110.jpg,0.341064
ISIC_0030114.jpg,0.008545
ISIC_0030118.jpg,0.646729
ISIC_0030119.jpg,0.399170
ISIC_0030122.jpg,0.150391
ISIC_0030123.jpg,0.052490
ISIC_0030124.jpg,0.363770
ISIC_0030129.jpg,0.163330
ISIC_0030130.jpg,0.653076
ISIC_0030133.jpg,0.320068
ISIC_0030134.jpg,0.261963
ISIC_0030137.jpg,0.314697
ISIC_0030138.jpg,0.080566
ISIC_0030142.jpg,0.449951
ISIC_0030143.jpg,0.301025
ISIC_0030145.jpg,0.130127
ISIC_0030150.jpg,0.278076
ISIC_0030158.jpg,0.562012
ISIC_0030160.jpg,0.267578
ISIC_0030165.jpg,0.083008
ISIC_0030171.jpg,0.057617
ISIC_0030172.jpg,0.598877
ISIC_0030173.jpg,0.155029
ISIC_0030175.jpg,0.510010
ISIC_0030177.jpg,0.208496
ISIC_0030181.jpg,0.318359
ISIC_0030183.jpg,0.380371
ISIC_0030187.jpg,0.635742
ISIC_0030188.jpg,0.611572
ISIC_0030189.jpg,0.088379
ISIC_0030191.jpg,0.483398
ISIC_0030192.jpg,0.745850
ISIC_0030197.jpg,0.220459
ISIC_0030203.jpg,0.619385
ISIC_0030207.jpg,0.358398
ISIC_0030208.jpg,0.213867
ISIC_0030211.jpg,0.661621
ISIC_0030223.jpg,0.493164
ISIC_0030226.jpg,0.288574
ISIC_0030227.jpg,0.238770
ISIC_0030230.jpg,0.127197
ISIC_0030231.jpg,0.197754
ISIC_0030233.jpg,0.310791
ISIC_0030238.jpg,0.426025
ISIC_0030240.jpg,0.756592
ISIC_0030241.jpg,0.838135
ISIC_0030242.jpg,0.636963
ISIC_0030244.jpg,0.070312
ISIC_0030245.jpg,0.275879
ISIC_0030246.jpg,0.342773
ISIC_0030249.jpg,0.543457
ISIC_0030255.jpg,0.042236
ISIC_0030258.jpg,0.371338
ISIC_0030261.jpg,0.123535
ISIC_0030271.jpg,0.247070
ISIC_0030272.jpg,0.111816
ISIC_0030275.jpg,0.050293
ISIC_0030276.jpg,0.736084
ISIC_0030277.jpg,0.479980
ISIC_0030280.jpg,0.797852
ISIC_0030281.jpg,0.042725
ISIC_0030283.jpg,0.032959
ISIC_0030297.jpg,0.631836
ISIC_0030310.jpg,0.448486
ISIC_0030314.jpg,0.470947
ISIC_0030316.jpg,0.484863
ISIC_0030318.jpg,0.298828
ISIC_0030319.jpg,0.884277
ISIC_0030321.jpg,0.139648
ISIC_0030323.jpg,0.238037
ISIC_0030324.jpg,0.407471
ISIC_0030329.jpg,0.489746
ISIC_0030333.jpg,0.253418
ISIC_0030335.jpg,0.282959
ISIC_0030339.jpg,0.457031
ISIC_0030341.jpg,0.481445
ISIC_0030344.jpg,0.225098
ISIC_0030346.jpg,0.186768
ISIC_0030349.jpg,0.136230
ISIC_0030352.jpg,0.264160
ISIC_0030356.jpg,0.486816
ISIC_0030360.jpg,0.114502
ISIC_0030365.jpg,0.457764
ISIC_0030366.jpg,0.350342
ISIC_0030369.jpg,0.009766
ISIC_0030372.jpg,0.421631
ISIC_0030375.jpg,0.534424
ISIC_0030377.jpg,0.045166
ISIC_0030382.jpg,0.497070
ISIC_0030383.jpg,0.149658
ISIC_0030387.jpg,0.116455
ISIC_0030390.jpg,0.461426
ISIC_0030391.jpg,0.146240
ISIC_0030394.jpg,0.128662
ISIC_0030396.jpg,0.159668
ISIC_0030403.jpg,0.168457
ISIC_0030408.jpg,0.396973
ISIC_0030417.jpg,0.361572
ISIC_0030423.jpg,0.605225
ISIC_0030427.jpg,0.533691
ISIC_0030436.jpg,0.536621
ISIC_0030440.jpg,0.078857
ISIC_0030442.jpg,0.198242
ISIC_0030443.jpg,0.136475
ISIC_0030445.jpg,0.260742
ISIC_0030446.jpg,0.240234
ISIC_0030452.jpg,0.497803
ISIC_0030458.jpg,0.209961
ISIC_0030459.jpg,0.541260
ISIC_0030463.jpg,0.314453
ISIC_0030465.jpg,0.534668
ISIC_0030486.jpg,0.530273
ISIC_0030487.jpg,0.704102
ISIC_0030488.jpg,0.104736
ISIC_0030491.jpg,0.265137
ISIC_0030501.jpg,0.206787
ISIC_0030507.jpg,0.437256
ISIC_0030511.jpg,0.205078
ISIC_0030512.jpg,0.217041
ISIC_0030514.jpg,0.430420
ISIC_0030521.jpg,0.059326
ISIC_0030522.jpg,0.241455
ISIC_0030526.jpg,0.377197
ISIC_0030528.jpg,0.193115
ISIC_0030533.jpg,0.665771
ISIC_0030539.jpg,0.064453
ISIC_0030542.jpg,0.179932
ISIC_0030549.jpg,0.118896
ISIC_0030552.jpg,0.132812
ISIC_0030555.jpg,0.462158
ISIC_0030561.jpg,0.463135
ISIC_0030564.jpg,0.342041
ISIC_0030565.jpg,0.239502
ISIC_0030574.jpg,0.043457
ISIC_0030575.jpg,0.271240
ISIC_0030579.jpg,0.480713
ISIC_0030583.jpg,0.201904
ISIC_0030586.jpg,0.022461
ISIC_0030591.jpg,0.391357
ISIC_0030594.jpg,0.084961
ISIC_0030602.jpg,0.337646
ISIC_0030604.jpg,0.700928
ISIC_0030605.jpg,0.421631
ISIC_0030606.jpg,0.042725
ISIC_0030607.jpg,0.029541
ISIC_0030608.jpg,0.168213
ISIC_0030616.jpg,0.252686
ISIC_0030623.jpg,0.073730
ISIC_0030630.jpg,0.135254
ISIC_0030636.jpg,0.182861
ISIC_0030644.jpg,0.315430
ISIC_0030649.jpg,0.203857
ISIC_0030653.jpg,0.086182
ISIC_0030655.jpg,0.540771
ISIC_0030659.jpg,0.102295
ISIC_0030661.jpg,0.057861
ISIC_0030665.jpg,0.265625
ISIC_0030677.jpg,0.056641
ISIC_0030681.jpg,0.336670
ISIC_0030683.jpg,0.231201
ISIC_0030687.jpg,0.125488
ISIC_0030689.jpg,0.145264
ISIC_0030690.jpg,0.096924
ISIC_0030695.jpg,0.375000
ISIC_0030698.jpg,0.044434
ISIC_0030700.jpg,0.483398
ISIC_0030705.jpg,0.264160
ISIC_0030706.jpg,0.223877
ISIC_0030707.jpg,0.383789
ISIC_0030712.jpg,0.308350
ISIC_0030714.jpg,0.426025
ISIC_0030721.jpg,0.150635
ISIC_0030722.jpg,0.267334
ISIC_0030723.jpg,0.386475
ISIC_0030730.jpg,0.143799
ISIC_0030731.jpg,0.683105
ISIC_0030737.jpg,0.203613
ISIC_0030744.jpg,0.484619
ISIC_0030746.jpg,0.199951
ISIC_0030747.jpg,0.180908
ISIC_0030754.jpg,0.612061
ISIC_0030755.jpg,0.227539
ISIC_0030756.jpg,0.491455
ISIC_0030757.jpg,0.360107
ISIC_0030758.jpg,0.489990
ISIC_0030759.jpg,0.019043
ISIC_0030760.jpg,0.120361
ISIC_0030766.jpg,0.019531
ISIC_0030767.jpg,0.325928
ISIC_0030768.jpg,0.354980
ISIC_0030770.jpg,0.019287
ISIC_0030778.jpg,0.467773
ISIC_0030782.jpg,0.044434
ISIC_0030783.jpg,0.187500
ISIC_0030784.jpg,0.563965
ISIC_0030785.jpg,0.568848
ISIC_0030789.jpg,0.613281
ISIC_0030794.jpg,0.256836
ISIC_0030795.jpg,0.185547
ISIC_0030798.jpg,0.543457
ISIC_0030800.jpg,0.126465
ISIC_0030801.jpg,0.387207
ISIC_0030803.jpg,0.315430
ISIC_0030806.jpg,0.264648
ISIC_0030812.jpg,0.225586
ISIC_0030813.jpg,0.263672
ISIC_0030818.jpg,0.107422
ISIC_0030821.jpg,0.223145
ISIC_0030822.jpg,0.293457
ISIC_0030824.jpg,0.219971
ISIC_0030825.jpg,0.165039
ISIC_0030826.jpg,0.461670
ISIC_0030827.jpg,0.298340
ISIC_0030828.jpg,0.086182
ISIC_0030830.jpg,0.610840
ISIC_0030835.jpg,0.071045
ISIC_0030843.jpg,0.143066
ISIC_0030844.jpg,0.351562
ISIC_0030849.jpg,0.363037
ISIC_0030868.jpg,0.217773
ISIC_0030870.jpg,0.605225
ISIC_0030876.jpg,0.409424
ISIC_0030877.jpg,0.557617
ISIC_0030882.jpg,0.315186
ISIC_0030883.jpg,0.593262
ISIC_0030893.jpg,0.331543
ISIC_0030898.jpg,0.070557
ISIC_0030901.jpg,0.545654
ISIC_0030910.jpg,0.268311
ISIC_0030915.jpg,0.156006
ISIC_0030925.jpg,0.249023
ISIC_0030926.jpg,0.321289
ISIC_0030929.jpg,0.263916
ISIC_0030932.jpg,0.073242
ISIC_0030935.jpg,0.410645
ISIC_0030950.jpg,0.506104
ISIC_0030951.jpg,0.373291
ISIC_0030953.jpg,0.552002
ISIC_0030954.jpg,0.189209
ISIC_0030956.jpg,0.186035
ISIC_0030959.jpg,0.398438
ISIC_0030964.jpg,0.131836
ISIC_0030965.jpg,0.440674
ISIC_0030970.jpg,0.290527
ISIC_0030976.jpg,0.243164
ISIC_0030986.jpg,0.275635
ISIC_0030988.jpg,0.112549
ISIC_0030991.jpg,0.771240
ISIC_0030995.jpg,0.350586
ISIC_0030998.jpg,0.484619
ISIC_0031000.jpg,0.685547
ISIC_0031002.jpg,0.060059
ISIC_0031005.jpg,0.203857
ISIC_0031007.jpg,0.266357
ISIC_0031008.jpg,0.284180
ISIC_0031009.jpg,0.469238
ISIC_0031012.jpg,0.483154
ISIC_0031013.jpg,0.371826
ISIC_0031016.jpg,0.409912
ISIC_0031017.jpg,0.178467
ISIC_0031023.jpg,0.218506
ISIC_0031024.jpg,0.578369
ISIC_0031025.jpg,0.194336
ISIC_0031026.jpg,0.288330
ISIC_0031029.jpg,0.042236
ISIC_0031034.jpg,0.096191
ISIC_0031037.jpg,0.488281
ISIC_0031040.jpg,0.593018
ISIC_0031041.jpg,0.384521
ISIC_0031043.jpg,0.437256
ISIC_0031044.jpg,0.458496
ISIC_0031050.jpg,0.737061
ISIC_0031056.jpg,0.287109
ISIC_0031057.jpg,0.281006
ISIC_0031060.jpg,0.342529
ISIC_0031061.jpg,0.416260
ISIC_0031062.jpg,0.144775
ISIC_0031063.jpg,0.162354
ISIC_0031065.jpg,0.095215
ISIC_0031077.jpg,0.788574
ISIC_0031078.jpg,0.495850
ISIC_0031087.jpg,0.903809
ISIC_0031088.jpg,0.170410
ISIC_0031090.jpg,0.902100
ISIC_0031093.jpg,0.016602
ISIC_0031095.jpg,0.305908
ISIC_0031103.jpg,0.084961
ISIC_0031108.jpg,0.782715
ISIC_0031118.jpg,0.082764
ISIC_0031119.jpg,0.256348
ISIC_0031122.jpg,0.164795
ISIC_0031123.jpg,0.026367
ISIC_0031125.jpg,0.254395
ISIC_0031130.jpg,0.389893
ISIC_0031132.jpg,0.032959
ISIC_0031133.jpg,0.746338
ISIC_0031138.jpg,0.646729
ISIC_0031140.jpg,0.209473
ISIC_0031146.jpg,0.349609
ISIC_0031150.jpg,0.519287
ISIC_0031154.jpg,0.077881
ISIC_0031159.jpg,0.424072
ISIC_0031166.jpg,0.100098
ISIC_0031168.jpg,0.339844
ISIC_0031169.jpg,0.313721
ISIC_0031170.jpg,0.669678
ISIC_0031171.jpg,0.534180
ISIC_0031175.jpg,0.390137
ISIC_0031177.jpg,0.411621
ISIC_0031181.jpg,0.011475
ISIC_0031186.jpg,0.541992
ISIC_0031189.jpg,0.296387
ISIC_0031191.jpg,0.165527
ISIC_0031196.jpg,0.742432
ISIC_0031197.jpg,0.127197
ISIC_0031198.jpg,0.724365
ISIC_0031200.jpg,0.438721
ISIC_0031201.jpg,0.118652
ISIC_0031203.jpg,0.220703
ISIC_0031208.jpg,0.393555
ISIC_0031211.jpg,0.272461
ISIC_0031212.jpg,0.014893
ISIC_0031215.jpg,0.197510
ISIC_0031217.jpg,0.035889
ISIC_0031218.jpg,0.519531
ISIC_0031223.jpg,0.696045
ISIC_0031225.jpg,0.230713
ISIC_0031226.jpg,0.457520
ISIC_0031228.jpg,0.830811
ISIC_0031233.jpg,0.458496
ISIC_0031236.jpg,0.072998
ISIC_0031239.jpg,0.599365
ISIC_0031243.jpg,0.170898
ISIC_0031245.jpg,0.261475
ISIC_0031253.jpg,0.375244
ISIC_0031257.jpg,0.605713
ISIC_0031258.jpg,0.167969
ISIC_0031261.jpg,0.397461
ISIC_0031263.jpg,0.269287
ISIC_0031266.jpg,0.214111
ISIC_0031270.jpg,0.042480
ISIC_0031271.jpg,0.540771
ISIC_0031272.jpg,0.421143
ISIC_0031276.jpg,0.075928
ISIC_0031277.jpg,0.148193
ISIC_0031284.jpg,0.161621
ISIC_0031286.jpg,0.509766
ISIC_0031287.jpg,0.482666
ISIC_0031289.jpg,0.737549
ISIC_0031292.jpg,0.675781
ISIC_0031294.jpg,0.141602
ISIC_0031295.jpg,0.363770
ISIC_0031298.jpg,0.307861
ISIC_0031303.jpg,0.262451
ISIC_0031309.jpg,0.120117
ISIC_0031310.jpg,0.285645
ISIC_0031318.jpg,0.302002
ISIC_0031321.jpg,0.769043
ISIC_0031326.jpg,0.245117
ISIC_0031329.jpg,0.036133
ISIC_0031334.jpg,0.500977
ISIC_0031335.jpg,0.603760
ISIC_0031339.jpg,0.372803
ISIC_0031344.jpg,0.412842
ISIC_0031345.jpg,0.579834
ISIC_0031346.jpg,0.009521
ISIC_0031349.jpg,0.114014
ISIC_0031350.jpg,0.100586
ISIC_0031351.jpg,0.327881
ISIC_0031352.jpg,0.301270
ISIC_0031358.jpg,0.350342
ISIC_0031362.jpg,0.444092
ISIC_0031368.jpg,0.447754
ISIC_0031369.jpg,0.123291
ISIC_0031372.jpg,0.032227
ISIC_0031376.jpg,0.279541
ISIC_0031377.jpg,0.057617
ISIC_0031378.jpg,0.148926
ISIC_0031381.jpg,0.405273
ISIC_0031384.jpg,0.080811
ISIC_0031386.jpg,0.394775
ISIC_0031389.jpg,0.289551
ISIC_0031394.jpg,0.395508
ISIC_0031396.jpg,0.269043
ISIC_0031400.jpg,0.410156
ISIC_0031401.jpg,0.453613
ISIC_0031406.jpg,0.023682
ISIC_0031407.jpg,0.226074
ISIC_0031408.jpg,0.597168
ISIC_0031410.jpg,0.886719
ISIC_0031413.jpg,0.599365
ISIC_0031417.jpg,0.078613
ISIC_0031421.jpg,0.493408
ISIC_0031424.jpg,0.150391
ISIC_0031428.jpg,0.511475
ISIC_0031429.jpg,0.660400
ISIC_0031430.jpg,0.227539
ISIC_0031431.jpg,0.290039
ISIC_0031436.jpg,0.536865
ISIC_0031442.jpg,0.340332
ISIC_0031443.jpg,0.084473
ISIC_0031449.jpg,0.330566
ISIC_0031450.jpg,0.127686
ISIC_0031457.jpg,0.281982
ISIC_0031459.jpg,0.195557
ISIC_0031464.jpg,0.697021
ISIC_0031465.jpg,0.610840
ISIC_0031468.jpg,0.034668
ISIC_0031470.jpg,0.303223
ISIC_0031479.jpg,0.777100
ISIC_0031485.jpg,0.030518
ISIC_0031489.jpg,0.098633
ISIC_0031494.jpg,0.231934
ISIC_0031495.jpg,0.563965
ISIC_0031496.jpg,0.300049
ISIC_0031498.jpg,0.264404
ISIC_0031499.jpg,0.304688
ISIC_0031506.jpg,0.382568
ISIC_0031511.jpg,0.616699
ISIC_0031513.jpg,0.084229
ISIC_0031517.jpg,0.173340
ISIC_0031519.jpg,0.576172
ISIC_0031520.jpg,0.376953
ISIC_0031522.jpg,0.470215
ISIC_0031526.jpg,0.140381
ISIC_0031527.jpg,0.134277
ISIC_0031528.jpg,0.300781
ISIC_0031529.jpg,0.184082
ISIC_0031531.jpg,0.163818
ISIC_0031537.jpg,0.420410
ISIC_0031539.jpg,0.186279
ISIC_0031542.jpg,0.248291
ISIC_0031543.jpg,0.642822
ISIC_0031545.jpg,0.131104
ISIC_0031550.jpg,0.190918
ISIC_0031552.jpg,0.103760
ISIC_0031554.jpg,0.705322
ISIC_0031556.jpg,0.546143
ISIC_0031557.jpg,0.344971
ISIC_0031558.jpg,0.351074
ISIC_0031561.jpg,0.344727
ISIC_0031565.jpg,0.128662
ISIC_0031569.jpg,0.450439
ISIC_0031570.jpg,0.287109
ISIC_0031577.jpg,0.528809
ISIC_0031578.jpg,0.391602
ISIC_0031580.jpg,0.271729
ISIC_0031584.jpg,0.073730
ISIC_0031585.jpg,0.724121
ISIC_0031586.jpg,0.149170
ISIC_0031591.jpg,0.730957
ISIC_0031593.jpg,0.289795
ISIC_0031597.jpg,0.877930
ISIC_0031598.jpg,0.043213
ISIC_0031600.jpg,0.176758
ISIC_0031601.jpg,0.202148
ISIC_0031609.jpg,0.242188
ISIC_0031614.jpg,0.049316
ISIC_0031619.jpg,0.715820
ISIC_0031620.jpg,0.084961
ISIC_0031624.jpg,0.334717
ISIC_0031630.jpg,0.458984
ISIC_0031633.jpg,0.379639
ISIC_0031639.jpg,0.408691
ISIC_0031640.jpg,0.095215
ISIC_0031642.jpg,0.233398
ISIC_0031643.jpg,0.532227
ISIC_0031648.jpg,0.524902
ISIC_0031650.jpg,0.041992
ISIC_0031651.jpg,0.299805
ISIC_0031659.jpg,0.127686
ISIC_0031666.jpg,0.848633
ISIC_0031670.jpg,0.869873
ISIC_0031672.jpg,0.291504
ISIC_0031677.jpg,0.383057
ISIC_0031686.jpg,0.475830
ISIC_0031691.jpg,0.299072
ISIC_0031692.jpg,0.335449
ISIC_0031697.jpg,0.058105
ISIC_0031698.jpg,0.397949
ISIC_0031702.jpg,0.078369
ISIC_0031706.jpg,0.082764
ISIC_0031707.jpg,0.102539
ISIC_0031709.jpg,0.292725
ISIC_0031711.jpg,0.258545
ISIC_0031712.jpg,0.102295
ISIC_0031716.jpg,0.532471
ISIC_0031718.jpg,0.342041
ISIC_0031719.jpg,0.180664
ISIC_0031721.jpg,0.059082
ISIC_0031728.jpg,0.128174
ISIC_0031735.jpg,0.362793
ISIC_0031738.jpg,0.362061
ISIC_0031741.jpg,0.144531
ISIC_0031743.jpg,0.588135
ISIC_0031745.jpg,0.047852
ISIC_0031746.jpg,0.262695
ISIC_0031749.jpg,0.305664
ISIC_0031753.jpg,0.327148
ISIC_0031759.jpg,0.055420
ISIC_0031761.jpg,0.522461
ISIC_0031762.jpg,0.024902
ISIC_0031766.jpg,0.379150
ISIC_0031770.jpg,0.253662
ISIC_0031778.jpg,0.418457
ISIC_0031779.jpg,0.227539
ISIC_0031783.jpg,0.194336
ISIC_0031784.jpg,0.197998
ISIC_0031789.jpg,0.024902
ISIC_0031795.jpg,0.732910
ISIC_0031799.jpg,0.760742
ISIC_0031808.jpg,0.230957
ISIC_0031812.jpg,0.422607
ISIC_0031819.jpg,0.427246
ISIC_0031821.jpg,0.068359
ISIC_0031823.jpg,0.405029
ISIC_0031824.jpg,0.020996
ISIC_0031825.jpg,0.193604
ISIC_0031827.jpg,0.349121
ISIC_0031831.jpg,0.696777
ISIC_0031836.jpg,0.609863
ISIC_0031844.jpg,0.254150
ISIC_0031851.jpg,0.323730
ISIC_0031852.jpg,0.209229
ISIC_0031853.jpg,0.054688
ISIC_0031872.jpg,0.199219
ISIC_0031874.jpg,0.487793
ISIC_0031876.jpg,0.191162
ISIC_0031888.jpg,0.367676
ISIC_0031890.jpg,0.445312
ISIC_0031893.jpg,0.708984
ISIC_0031897.jpg,0.554688
ISIC_0031900.jpg,0.466797
ISIC_0031901.jpg,0.030029
ISIC_0031903.jpg,0.464111
ISIC_0031908.jpg,0.331299
ISIC_0031915.jpg,0.317383
ISIC_0031918.jpg,0.300537
ISIC_0031922.jpg,0.315186
ISIC_0031925.jpg,0.530762
ISIC_0031927.jpg,0.417969
ISIC_0031929.jpg,0.222656
ISIC_0031931.jpg,0.346436
ISIC_0031937.jpg,0.281250
ISIC_0031940.jpg,0.206055
ISIC_0031941.jpg,0.485352
ISIC_0031943.jpg,0.228760
ISIC_0031945.jpg,0.300781
ISIC_0031950.jpg,0.047607
ISIC_0031951.jpg,0.424805
ISIC_0031953.jpg,0.108398
ISIC_0031955.jpg,0.729736
ISIC_0031957.jpg,0.187256
ISIC_0031958.jpg,0.354980
ISIC_0031961.jpg,0.490479
ISIC_0031967.jpg,0.031250
ISIC_0031971.jpg,0.481445
ISIC_0031972.jpg,0.505615
ISIC_0031976.jpg,0.695557
ISIC_0031977.jpg,0.434570
ISIC_0031980.jpg,0.664795
ISIC_0031986.jpg,0.630371
ISIC_0031987.jpg,0.532227
ISIC_0031989.jpg,0.441406
ISIC_0031993.jpg,0.722168
ISIC_0031996.jpg,0.434814
ISIC_0031999.jpg,0.221436
ISIC_0032006.jpg,0.452637
ISIC_0032013.jpg,0.809814
ISIC_0032014.jpg,0.481689
ISIC_0032017.jpg,0.643799
ISIC_0032019.jpg,0.152100
ISIC_0032022.jpg,0.447998
ISIC_0032024.jpg,0.457764
ISIC_0032030.jpg,0.434570
ISIC_0032031.jpg,0.057129
ISIC_0032036.jpg,0.453857
ISIC_0032040.jpg,0.395996
ISIC_0032043.jpg,0.114258
ISIC_0032044.jpg,0.462891
ISIC_0032045.jpg,0.687988
ISIC_0032046.jpg,0.189941
ISIC_0032051.jpg,0.315186
ISIC_0032057.jpg,0.106445
ISIC_0032061.jpg,0.234375
ISIC_0032063.jpg,0.548096
ISIC_0032070.jpg,0.635254
ISIC_0032072.jpg,0.380127
ISIC_0032076.jpg,0.087402
ISIC_0032079.jpg,0.409912
ISIC_0032081.jpg,0.595947
ISIC_0032092.jpg,0.573242
ISIC_0032095.jpg,0.249023
ISIC_0032098.jpg,0.031738
ISIC_0032099.jpg,0.697510
ISIC_0032103.jpg,0.496582
ISIC_0032110.jpg,0.604980
ISIC_0032111.jpg,0.151367
ISIC_0032113.jpg,0.127197
ISIC_0032114.jpg,0.558838
ISIC_0032116.jpg,0.939453
ISIC_0032123.jpg,0.330566
ISIC_0032124.jpg,0.395264
ISIC_0032128.jpg,0.404541
ISIC_0032129.jpg,0.321045
ISIC_0032132.jpg,0.099121
ISIC_0032134.jpg,0.477783
ISIC_0032135.jpg,0.661133
ISIC_0032138.jpg,0.338867
ISIC_0032139.jpg,0.049072
ISIC_0032146.jpg,0.781250
ISIC_0032149.jpg,0.642090
ISIC_0032152.jpg,0.143066
ISIC_0032154.jpg,0.135010
ISIC_0032156.jpg,0.165771
ISIC_0032159.jpg,0.162598
ISIC_0032164.jpg,0.096680
ISIC_0032168.jpg,0.644531
ISIC_0032170.jpg,0.134766
ISIC_0032173.jpg,0.516602
ISIC_0032174.jpg,0.410156
ISIC_0032179.jpg,0.240234
ISIC_0032182.jpg,0.544678
ISIC_0032185.jpg,0.159668
ISIC_0032187.jpg,0.177979
ISIC_0032190.jpg,0.628418
ISIC_0032192.jpg,0.548828
ISIC_0032194.jpg,0.160889
ISIC_0032197.jpg,0.357666
ISIC_0032199.jpg,0.383545
ISIC_0032200.jpg,0.190186
ISIC_0032203.jpg,0.302490
ISIC_0032204.jpg,0.155762
ISIC_0032206.jpg,0.124268
ISIC_0032207.jpg,0.007568
ISIC_0032214.jpg,0.276855
ISIC_0032215.jpg,0.505615
ISIC_0032219.jpg,0.569580
ISIC_0032220.jpg,0.005371
ISIC_0032222.jpg,0.350586
ISIC_0032225.jpg,0.287109
ISIC_0032230.jpg,0.395020
ISIC_0032232.jpg,0.115479
ISIC_0032235.jpg,0.263672
ISIC_0032238.jpg,0.787842
ISIC_0032240.jpg,0.087158
ISIC_0032244.jpg,0.474854
ISIC_0032245.jpg,0.535156
ISIC_0032246.jpg,0.313721
ISIC_0032247.jpg,0.591797
ISIC_0032248.jpg,0.291748
ISIC_0032249.jpg,0.183838
ISIC_0032258.jpg,0.031006
ISIC_0032265.jpg,0.468994
ISIC_0032269.jpg,0.577881
ISIC_0032270.jpg,0.279053
ISIC_0032271.jpg,0.310303
ISIC_0032277.jpg,0.434570
ISIC_0032280.jpg,0.684082
ISIC_0032283.jpg,0.053711
ISIC_0032287.jpg,0.018066
ISIC_0032290.jpg,0.273193
ISIC_0032302.jpg,0.167725
ISIC_0032303.jpg,0.602539
ISIC_0032304.jpg,0.126953
ISIC_0032306.jpg,0.481201
ISIC_0032307.jpg,0.180176
ISIC_0032308.jpg,0.656006
ISIC_0032313.jpg,0.228760
ISIC_0032314.jpg,0.173584
ISIC_0032315.jpg,0.044434
ISIC_0032316.jpg,0.058838
ISIC_0032318.jpg,0.260742
ISIC_0032325.jpg,0.206543
ISIC_0032329.jpg,0.443604
ISIC_0032330.jpg,0.597900
ISIC_0032331.jpg,0.053711
ISIC_0032335.jpg,0.318115
ISIC_0032343.jpg,0.344971
ISIC_0032348.jpg,0.182861
ISIC_0032349.jpg,0.316162
ISIC_0032356.jpg,0.528809
ISIC_0032358.jpg,0.211426
ISIC_0032359.jpg,0.359131
ISIC_0032365.jpg,0.071289
ISIC_0032371.jpg,0.209229
ISIC_0032372.jpg,0.239746
ISIC_0032373.jpg,0.238525
ISIC_0032382.jpg,0.031006
ISIC_0032384.jpg,0.282959
ISIC_0032389.jpg,0.301025
ISIC_0032395.jpg,0.109863
ISIC_0032396.jpg,0.353760
ISIC_0032397.jpg,0.410889
ISIC_0032400.jpg,0.089600
ISIC_0032404.jpg,0.849121
ISIC_0032408.jpg,0.365967
ISIC_0032409.jpg,0.141846
ISIC_0032410.jpg,0.452148
ISIC_0032414.jpg,0.018066
ISIC_0032415.jpg,0.043457
ISIC_0032417.jpg,0.198730
ISIC_0032420.jpg,0.643799
ISIC_0032422.jpg,0.313965
ISIC_0032424.jpg,0.480225
ISIC_0032425.jpg,0.492676
ISIC_0032429.jpg,0.486084
ISIC_0032430.jpg,0.079590
ISIC_0032433.jpg,0.333008
ISIC_0032437.jpg,0.654541
ISIC_0032439.jpg,0.349121
ISIC_0032441.jpg,0.147949
ISIC_0032445.jpg,0.399170
ISIC_0032447.jpg,0.243896
ISIC_0032450.jpg,0.567871
ISIC_0032455.jpg,0.313232
ISIC_0032456.jpg,0.249268
ISIC_0032460.jpg,0.617432
ISIC_0032461.jpg,0.303467
ISIC_0032462.jpg,0.231445
ISIC_0032463.jpg,0.076416
ISIC_0032466.jpg,0.285400
ISIC_0032468.jpg,0.216064
ISIC_0032476.jpg,0.275146
ISIC_0032481.jpg,0.240479
ISIC_0032482.jpg,0.324707
ISIC_0032486.jpg,0.148438
ISIC_0032497.jpg,0.655518
ISIC_0032498.jpg,0.062256
ISIC_0032504.jpg,0.470215
ISIC_0032508.jpg,0.226562
ISIC_0032509.jpg,0.089111
ISIC_0032511.jpg,0.932373
ISIC_0032513.jpg,0.171631
ISIC_0032514.jpg,0.067383
ISIC_0032517.jpg,0.176758
ISIC_0032522.jpg,0.372070
ISIC_0032526.jpg,0.313965
ISIC_0032531.jpg,0.374023
ISIC_0032532.jpg,0.270996
ISIC_0032533.jpg,0.045166
ISIC_0032534.jpg,0.455322
ISIC_0032535.jpg,0.167969
ISIC_0032536.jpg,0.655762
ISIC_0032537.jpg,0.103760
ISIC_0032538.jpg,0.146973
ISIC_0032544.jpg,0.387939
ISIC_0032545.jpg,0.377441
ISIC_0032547.jpg,0.448730
ISIC_0032550.jpg,0.256104
ISIC_0032552.jpg,0.182861
ISIC_0032553.jpg,0.412354
ISIC_0032556.jpg,0.460449
ISIC_0032557.jpg,0.187256
ISIC_0032559.jpg,0.152100
ISIC_0032564.jpg,0.593506
ISIC_0032567.jpg,0.408691
ISIC_0032569.jpg,0.454834
ISIC_0032570.jpg,0.269287
ISIC_0032576.jpg,0.292480
ISIC_0032583.jpg,0.111572
ISIC_0032586.jpg,0.509766
ISIC_0032592.jpg,0.456299
ISIC_0032596.jpg,0.217041
ISIC_0032597.jpg,0.487793
ISIC_0032598.jpg,0.257080
ISIC_0032602.jpg,0.345703
ISIC_0032603.jpg,0.035156
ISIC_0032604.jpg,0.292236
ISIC_0032610.jpg,0.048340
ISIC_0032611.jpg,0.225830
ISIC_0032613.jpg,0.798828
ISIC_0032614.jpg,0.103760
ISIC_0032617.jpg,0.405273
ISIC_0032618.jpg,0.493164
ISIC_0032622.jpg,0.342285
ISIC_0032624.jpg,0.118408
ISIC_0032626.jpg,0.284912
ISIC_0032629.jpg,0.165039
ISIC_0032630.jpg,0.212891
ISIC_0032636.jpg,0.056396
ISIC_0032637.jpg,0.365234
ISIC_0032638.jpg,0.306152
ISIC_0032642.jpg,0.223633
ISIC_0032643.jpg,0.100098
ISIC_0032645.jpg,0.142090
ISIC_0032652.jpg,0.161133
ISIC_0032653.jpg,0.020020
ISIC_0032654.jpg,0.541504
ISIC_0032655.jpg,0.449219
ISIC_0032656.jpg,0.284912
ISIC_0032660.jpg,0.083496
ISIC_0032662.jpg,0.066406
ISIC_0032665.jpg,0.302979
ISIC_0032672.jpg,0.336914
ISIC_0032675.jpg,0.180420
ISIC_0032681.jpg,0.469971
ISIC_0032684.jpg,0.215820
ISIC_0032685.jpg,0.307617
ISIC_0032687.jpg,0.317383
ISIC_0032688.jpg,0.346924
ISIC_0032690.jpg,0.050293
ISIC_0032692.jpg,0.387207
ISIC_0032694.jpg,0.103271
ISIC_0032695.jpg,0.339111
ISIC_0032696.jpg,0.085693
ISIC_0032698.jpg,0.373535
ISIC_0032699.jpg,0.114502
ISIC_0032709.jpg,0.316162
ISIC_0032715.jpg,0.065186
ISIC_0032716.jpg,0.203613
ISIC_0032718.jpg,0.461914
ISIC_0032719.jpg,0.604980
ISIC_0032722.jpg,0.363770
ISIC_0032723.jpg,0.127197
ISIC_0032724.jpg,0.217041
ISIC_0032725.jpg,0.284668
ISIC_0032726.jpg,0.254883
ISIC_0032727.jpg,0.225586
ISIC_0032730.jpg,0.577881
ISIC_0032732.jpg,0.188965
ISIC_0032733.jpg,0.207764
ISIC_0032736.jpg,0.497314
ISIC_0032740.jpg,0.493408
ISIC_0032741.jpg,0.346436
ISIC_0032745.jpg,0.154785
ISIC_0032750.jpg,0.338379
ISIC_0032751.jpg,0.248047
ISIC_0032756.jpg,0.210449
ISIC_0032757.jpg,0.114990
ISIC_0032763.jpg,0.082031
ISIC_0032766.jpg,0.132812
ISIC_0032768.jpg,0.051025
ISIC_0032773.jpg,0.405518
ISIC_0032774.jpg,0.313721
ISIC_0032775.jpg,0.339600
ISIC_0032776.jpg,0.458740
ISIC_0032777.jpg,0.202637
ISIC_0032778.jpg,0.086426
ISIC_0032782.jpg,0.124512
ISIC_0032790.jpg,0.378418
ISIC_0032797.jpg,0.095215
ISIC_0032799.jpg,0.139648
ISIC_0032804.jpg,0.206055
ISIC_0032806.jpg,0.374756
ISIC_0032807.jpg,0.622559
ISIC_0032808.jpg,0.248779
ISIC_0032810.jpg,0.089600
ISIC_0032812.jpg,0.024902
ISIC_0032816.jpg,0.094727
ISIC_0032823.jpg,0.552979
ISIC_0032826.jpg,0.488525
ISIC_0032827.jpg,0.542969
ISIC_0032829.jpg,0.459473
ISIC_0032833.jpg,0.082031
ISIC_0032834.jpg,0.263672
ISIC_0032835.jpg,0.156250
ISIC_0032836.jpg,0.490967
ISIC_0032839.jpg,0.138428
ISIC_0032840.jpg,0.168945
ISIC_0032841.jpg,0.240967
ISIC_0032842.jpg,0.074463
ISIC_0032843.jpg,0.280273
ISIC_0032844.jpg,0.093994
ISIC_0032845.jpg,0.267578
ISIC_0032847.jpg,0.198486
ISIC_0032850.jpg,0.081543
ISIC_0032854.jpg,0.509277
ISIC_0032856.jpg,0.196289
ISIC_0032857.jpg,0.120117
ISIC_0032862.jpg,0.273682
ISIC_0032863.jpg,0.086670
ISIC_0032866.jpg,0.577881
ISIC_0032867.jpg,0.040283
ISIC_0032869.jpg,0.392090
ISIC_0032870.jpg,0.489990
ISIC_0032872.jpg,0.567139
ISIC_0032873.jpg,0.522705
ISIC_0032875.jpg,0.218506
ISIC_0032876.jpg,0.214355
ISIC_0032877.jpg,0.492188
ISIC_0032879.jpg,0.509521
ISIC_0032883.jpg,0.357666
ISIC_0032887.jpg,0.242432
ISIC_0032888.jpg,0.417725
ISIC_0032890.jpg,0.210693
ISIC_0032892.jpg,0.712646
ISIC_0032894.jpg,0.290283
ISIC_0032897.jpg,0.197266
ISIC_0032898.jpg,0.493408
ISIC_0032903.jpg,0.159668
ISIC_0032906.jpg,0.057861
ISIC_0032913.jpg,0.310303
ISIC_0032915.jpg,0.463379
ISIC_0032917.jpg,0.520020
ISIC_0032918.jpg,0.177979
ISIC_0032919.jpg,0.046387
ISIC_0032921.jpg,0.169434
ISIC_0032922.jpg,0.521240
ISIC_0032925.jpg,0.160645
ISIC_0032927.jpg,0.185791
ISIC_0032929.jpg,0.491699
ISIC_0032932.jpg,0.192871
ISIC_0032936.jpg,0.504639
ISIC_0032938.jpg,0.192139
ISIC_0032940.jpg,0.529785
ISIC_0032941.jpg,0.271973
ISIC_0032947.jpg,0.102051
ISIC_0032949.jpg,0.075684
ISIC_0032955.jpg,0.247070
ISIC_0032958.jpg,0.647461
ISIC_0032959.jpg,0.098389
ISIC_0032960.jpg,0.503906
ISIC_0032963.jpg,0.310303
ISIC_0032965.jpg,0.426025
ISIC_0032967.jpg,0.579102
ISIC_0032968.jpg,0.502686
ISIC_0032970.jpg,0.258789
ISIC_0032972.jpg,0.531006
ISIC_0032975.jpg,0.485352
ISIC_0032976.jpg,0.247070
ISIC_0032978.jpg,0.533203
ISIC_0032981.jpg,0.196045
ISIC_0032982.jpg,0.047607
ISIC_0032983.jpg,0.134033
ISIC_0032984.jpg,0.090820
ISIC_0032985.jpg,0.403320
ISIC_0032987.jpg,0.498779
ISIC_0032988.jpg,0.387207
ISIC_0032991.jpg,0.194092
ISIC_0032993.jpg,0.533936
ISIC_0032997.jpg,0.240234
ISIC_0033000.jpg,0.434326
ISIC_0033001.jpg,0.535156
ISIC_0033004.jpg,0.454590
ISIC_0033005.jpg,0.159668
ISIC_0033012.jpg,0.134521
ISIC_0033017.jpg,0.208008
ISIC_0033019.jpg,0.357910
ISIC_0033020.jpg,0.406006
ISIC_0033022.jpg,0.246582
ISIC_0033023.jpg,0.629395
ISIC_0033024.jpg,0.149658
ISIC_0033027.jpg,0.054688
ISIC_0033029.jpg,0.083252
ISIC_0033031.jpg,0.223633
ISIC_0033034.jpg,0.186279
ISIC_0033037.jpg,0.231689
ISIC_0033038.jpg,0.516846
ISIC_0033041.jpg,0.041748
ISIC_0033042.jpg,0.220459
ISIC_0033047.jpg,0.232422
ISIC_0033050.jpg,0.599365
ISIC_0033051.jpg,0.174072
ISIC_0033054.jpg,0.369385
ISIC_0033055.jpg,0.537354
ISIC_0033056.jpg,0.375488
ISIC_0033060.jpg,0.073730
ISIC_0033061.jpg,0.425293
ISIC_0033063.jpg,0.572754
ISIC_0033068.jpg,0.101807
ISIC_0033073.jpg,0.191895
ISIC_0033074.jpg,0.196533
ISIC_0033079.jpg,0.634766
ISIC_0033081.jpg,0.437256
ISIC_0033084.jpg,0.542236
ISIC_0033088.jpg,0.529297
ISIC_0033089.jpg,0.237061
ISIC_0033092.jpg,0.299805
ISIC_0033099.jpg,0.507324
ISIC_0033103.jpg,0.195312
ISIC_0033114.jpg,0.513916
ISIC_0033117.jpg,0.170410
ISIC_0033120.jpg,0.038818
ISIC_0033122.jpg,0.320557
ISIC_0033123.jpg,0.058350
ISIC_0033124.jpg,0.089844
ISIC_0033125.jpg,0.450439
ISIC_0033127.jpg,0.363281
ISIC_0033129.jpg,0.639893
ISIC_0033130.jpg,0.493896
ISIC_0033135.jpg,0.148926
ISIC_0033141.jpg,0.272461
ISIC_0033146.jpg,0.576416
ISIC_0033151.jpg,0.284424
ISIC_0033152.jpg,0.034180
ISIC_0033154.jpg,0.311523
ISIC_0033156.jpg,0.210449
ISIC_0033158.jpg,0.266113
ISIC_0033166.jpg,0.038330
ISIC_0033169.jpg,0.190186
ISIC_0033171.jpg,0.079346
ISIC_0033174.jpg,0.369385
ISIC_0033175.jpg,0.098633
ISIC_0033178.jpg,0.347168
ISIC_0033180.jpg,0.103027
ISIC_0033183.jpg,0.399170
ISIC_0033184.jpg,0.330322
ISIC_0033185.jpg,0.559814
ISIC_0033186.jpg,0.428223
ISIC_0033192.jpg,0.379395
ISIC_0033193.jpg,0.450195
ISIC_0033195.jpg,0.190186
ISIC_0033196.jpg,0.124512
ISIC_0033198.jpg,0.099121
ISIC_0033199.jpg,0.414795
ISIC_0033200.jpg,0.394531
ISIC_0033201.jpg,0.596436
ISIC_0033203.jpg,0.046875
ISIC_0033204.jpg,0.381348
ISIC_0033205.jpg,0.195557
ISIC_0033206.jpg,0.136475
ISIC_0033209.jpg,0.298096
ISIC_0033212.jpg,0.184326
ISIC_0033216.jpg,0.253174
ISIC_0033217.jpg,0.304688
ISIC_0033218.jpg,0.208496
ISIC_0033226.jpg,0.300781
ISIC_0033230.jpg,0.026367
ISIC_0033232.jpg,0.225586
ISIC_0033235.jpg,0.586426
ISIC_0033238.jpg,0.116211
ISIC_0033239.jpg,0.051758
ISIC_0033240.jpg,0.622070
ISIC_0033241.jpg,0.541504
ISIC_0033245.jpg,0.199951
ISIC_0033246.jpg,0.445557
ISIC_0033248.jpg,0.359131
ISIC_0033252.jpg,0.095215
ISIC_0033254.jpg,0.390381
ISIC_0033256.jpg,0.564697
ISIC_0033257.jpg,0.377197
ISIC_0033258.jpg,0.495117
ISIC_0033260.jpg,0.171143
ISIC_0033261.jpg,0.486328
ISIC_0033262.jpg,0.052490
ISIC_0033264.jpg,0.245361
ISIC_0033267.jpg,0.461914
ISIC_0033268.jpg,0.171387
ISIC_0033269.jpg,0.586914
ISIC_0033270.jpg,0.184326
ISIC_0033271.jpg,0.133545
ISIC_0033272.jpg,0.458740
ISIC_0033274.jpg,0.481689
ISIC_0033275.jpg,0.041748
ISIC_0033278.jpg,0.471924
ISIC_0033279.jpg,0.135986
ISIC_0033280.jpg,0.062500
ISIC_0033284.jpg,0.165283
ISIC_0033286.jpg,0.621094
ISIC_0033287.jpg,0.058594
ISIC_0033295.jpg,0.146729
ISIC_0033299.jpg,0.645752
ISIC_0033300.jpg,0.135742
ISIC_0033301.jpg,0.236816
ISIC_0033302.jpg,0.280273
ISIC_0033304.jpg,0.179932
ISIC_0033305.jpg,0.155518
ISIC_0033306.jpg,0.423096
ISIC_0033307.jpg,0.439453
ISIC_0033310.jpg,0.614014
ISIC_0033312.jpg,0.468262
ISIC_0033317.jpg,0.067383
ISIC_0033320.jpg,0.104004
ISIC_0033321.jpg,0.451660
ISIC_0033322.jpg,0.170654
ISIC_0033323.jpg,0.417969
ISIC_0033324.jpg,0.170654
ISIC_0033325.jpg,0.286621
ISIC_0033333.jpg,0.327637
ISIC_0033336.jpg,0.155273
ISIC_0033337.jpg,0.271973
ISIC_0033344.jpg,0.681396
ISIC_0033349.jpg,0.239258
ISIC_0033354.jpg,0.316406
ISIC_0033358.jpg,0.483643
ISIC_0033361.jpg,0.314209
ISIC_0033362.jpg,0.327393
ISIC_0033366.jpg,0.006104
ISIC_0033368.jpg,0.516602
ISIC_0033369.jpg,0.120850
ISIC_0033372.jpg,0.140381
ISIC_0033377.jpg,0.069580
ISIC_0033378.jpg,0.160400
ISIC_0033379.jpg,0.522461
ISIC_0033387.jpg,0.069580
ISIC_0033391.jpg,0.619385
ISIC_0033392.jpg,0.307373
ISIC_0033393.jpg,0.435303
ISIC_0033394.jpg,0.474854
ISIC_0033397.jpg,0.273926
ISIC_0033399.jpg,0.547119
ISIC_0033400.jpg,0.175537
ISIC_0033401.jpg,0.413574
ISIC_0033405.jpg,0.246338
ISIC_0033410.jpg,0.155273
ISIC_0033413.jpg,0.324951
ISIC_0033414.jpg,0.129150
ISIC_0033415.jpg,0.502197
ISIC_0033416.jpg,0.245850
ISIC_0033422.jpg,0.166748
ISIC_0033424.jpg,0.607422
ISIC_0033426.jpg,0.583008
ISIC_0033428.jpg,0.423096
ISIC_0033429.jpg,0.099609
ISIC_0033431.jpg,0.182129
ISIC_0033432.jpg,0.199951
ISIC_0033437.jpg,0.139404
ISIC_0033438.jpg,0.302490
ISIC_0033440.jpg,0.914795
ISIC_0033444.jpg,0.045898
ISIC_0033446.jpg,0.096680
ISIC_0033449.jpg,0.428223
ISIC_0033450.jpg,0.196533
ISIC_0033452.jpg,0.139404
ISIC_0033453.jpg,0.183838
ISIC_0033454.jpg,0.514893
ISIC_0033456.jpg,0.730713
ISIC_0033458.jpg,0.063721
ISIC_0033460.jpg,0.489502
ISIC_0033465.jpg,0.616211
ISIC_0033466.jpg,0.035156
ISIC_0033468.jpg,0.407715
ISIC_0033469.jpg,0.325928
ISIC_0033470.jpg,0.174072
ISIC_0033473.jpg,0.111084
ISIC_0033476.jpg,0.504150
ISIC_0033477.jpg,0.742432
ISIC_0033479.jpg,0.293701
ISIC_0033480.jpg,0.424072
ISIC_0033482.jpg,0.410645
ISIC_0033483.jpg,0.222900
ISIC_0033485.jpg,0.293701
ISIC_0033486.jpg,0.189941
ISIC_0033487.jpg,0.519775
ISIC_0033488.jpg,0.386475
ISIC_0033490.jpg,0.308594
ISIC_0033491.jpg,0.372070
ISIC_0033494.jpg,0.116943
ISIC_0033496.jpg,0.426025
ISIC_0033498.jpg,0.505371
ISIC_0033499.jpg,0.406250
ISIC_0033500.jpg,0.566895
ISIC_0033504.jpg,0.133301
ISIC_0033505.jpg,0.326904
ISIC_0033507.jpg,0.186768
ISIC_0033509.jpg,0.221924
ISIC_0033518.jpg,0.328857
ISIC_0033520.jpg,0.206787
ISIC_0033522.jpg,0.444336
ISIC_0033523.jpg,0.311035
ISIC_0033524.jpg,0.307617
ISIC_0033526.jpg,0.381104
ISIC_0033528.jpg,0.320312
ISIC_0033529.jpg,0.091553
ISIC_0033531.jpg,0.113525
ISIC_0033533.jpg,0.664551
ISIC_0033534.jpg,0.360107
ISIC_0033536.jpg,0.291992
ISIC_0033538.jpg,0.505127
ISIC_0033539.jpg,0.355713
ISIC_0033545.jpg,0.326660
ISIC_0033546.jpg,0.193115
ISIC_0033550.jpg,0.201172
ISIC_0033551.jpg,0.052246
ISIC_0033553.jpg,0.313232
ISIC_0033554.jpg,0.326416
ISIC_0033559.jpg,0.321533
ISIC_0033560.jpg,0.117188
ISIC_0033562.jpg,0.382812
ISIC_0033565.jpg,0.302979
ISIC_0033568.jpg,0.271729
ISIC_0033569.jpg,0.421143
ISIC_0033570.jpg,0.291016
ISIC_0033571.jpg,0.009033
ISIC_0033573.jpg,0.417480
ISIC_0033575.jpg,0.079834
ISIC_0033576.jpg,0.246826
ISIC_0033578.jpg,0.119385
ISIC_0033579.jpg,0.141357
ISIC_0033581.jpg,0.190674
ISIC_0033582.jpg,0.389893
ISIC_0033583.jpg,0.349854
ISIC_0033586.jpg,0.495117
ISIC_0033587.jpg,0.413330
ISIC_0033591.jpg,0.059814
ISIC_0033592.jpg,0.203613
ISIC_0033593.jpg,0.218750
ISIC_0033594.jpg,0.184326
ISIC_0033595.jpg,0.103516
ISIC_0033601.jpg,0.346436
ISIC_0033603.jpg,0.466064
ISIC_0033606.jpg,0.146240
ISIC_0033607.jpg,0.109131
ISIC_0033608.jpg,0.181885
ISIC_0033609.jpg,0.073242
ISIC_0033611.jpg,0.086426
ISIC_0033612.jpg,0.209473
ISIC_0033613.jpg,0.258789
ISIC_0033616.jpg,0.356445
ISIC_0033619.jpg,0.156250
ISIC_0033620.jpg,0.237549
ISIC_0033624.jpg,0.701416
ISIC_0033626.jpg,0.226807
ISIC_0033629.jpg,0.365967
ISIC_0033630.jpg,0.277832
ISIC_0033631.jpg,0.167236
ISIC_0033635.jpg,0.449707
ISIC_0033636.jpg,0.776123
ISIC_0033638.jpg,0.023438
ISIC_0033642.jpg,0.449951
ISIC_0033643.jpg,0.078125
ISIC_0033644.jpg,0.136963
ISIC_0033646.jpg,0.500000
ISIC_0033651.jpg,0.357178
ISIC_0033653.jpg,0.214355
ISIC_0033654.jpg,0.407959
ISIC_0033655.jpg,0.466553
ISIC_0033659.jpg,0.198486
ISIC_0033660.jpg,0.160400
ISIC_0033662.jpg,0.320068
ISIC_0033663.jpg,0.371338
ISIC_0033666.jpg,0.112549
ISIC_0033668.jpg,0.312744
ISIC_0033670.jpg,0.504883
ISIC_0033675.jpg,0.428955
ISIC_0033676.jpg,0.385742
ISIC_0033677.jpg,0.272949
ISIC_0033678.jpg,0.362549
ISIC_0033679.jpg,0.239746
ISIC_0033685.jpg,0.443604
ISIC_0033687.jpg,0.142090
ISIC_0033691.jpg,0.147461
ISIC_0033693.jpg,0.085938
ISIC_0033695.jpg,0.351562
ISIC_0033696.jpg,0.476318
ISIC_0033700.jpg,0.667480
ISIC_0033701.jpg,0.167969
ISIC_0033704.jpg,0.381104
ISIC_0033705.jpg,0.334961
ISIC_0033708.jpg,0.363281
ISIC_0033709.jpg,0.356689
ISIC_0033710.jpg,0.365967
ISIC_0033713.jpg,0.523926
ISIC_0033716.jpg,0.034668
ISIC_0033717.jpg,0.068115
ISIC_0033720.jpg,0.071289
ISIC_0033722.jpg,0.152832
ISIC_0033725.jpg,0.222412
ISIC_0033728.jpg,0.339600
ISIC_0033730.jpg,0.306885
ISIC_0033732.jpg,0.355957
ISIC_0033736.jpg,0.311768
ISIC_0033744.jpg,0.065674
ISIC_0033747.jpg,0.179688
ISIC_0033749.jpg,0.185303
ISIC_0033750.jpg,0.227539
ISIC_0033752.jpg,0.435059
ISIC_0033754.jpg,0.351074
ISIC_0033758.jpg,0.142334
ISIC_0033761.jpg,0.050293
ISIC_0033762.jpg,0.263184
ISIC_0033770.jpg,0.338867
ISIC_0033773.jpg,0.353027
ISIC_0033776.jpg,0.224121
ISIC_0033778.jpg,0.363770
ISIC_0033779.jpg,0.167480
ISIC_0033780.jpg,0.448242
ISIC_0033783.jpg,0.217529
ISIC_0033784.jpg,0.442871
ISIC_0033785.jpg,0.128418
ISIC_0033790.jpg,0.653320
ISIC_0033791.jpg,0.332520
ISIC_0033801.jpg,0.491943
ISIC_0033802.jpg,0.444092
ISIC_0033804.jpg,0.132080
ISIC_0033805.jpg,0.062988
ISIC_0033806.jpg,0.504883
ISIC_0033807.jpg,0.302979
ISIC_0033808.jpg,0.261475
ISIC_0033810.jpg,0.234375
ISIC_0033811.jpg,0.145508
ISIC_0033812.jpg,0.417480
ISIC_0033813.jpg,0.156738
ISIC_0033814.jpg,0.093750
ISIC_0033817.jpg,0.080078
ISIC_0033819.jpg,0.235840
ISIC_0033820.jpg,0.043701
ISIC_0033828.jpg,0.280273
ISIC_0033829.jpg,0.476318
ISIC_0033831.jpg,0.292969
ISIC_0033834.jpg,0.509766
ISIC_0033843.jpg,0.614746
ISIC_0033844.jpg,0.066650
ISIC_0033847.jpg,0.427979
ISIC_0033848.jpg,0.504639
ISIC_0033853.jpg,0.315430
ISIC_0033854.jpg,0.031738
ISIC_0033855.jpg,0.477051
ISIC_0033856.jpg,0.626709
ISIC_0033860.jpg,0.104980
ISIC_0033863.jpg,0.127197
ISIC_0033865.jpg,0.429443
ISIC_0033866.jpg,0.087158
ISIC_0033868.jpg,0.117188
ISIC_0033869.jpg,0.429443
ISIC_0033871.jpg,0.086914
ISIC_0033872.jpg,0.318604
ISIC_0033874.jpg,0.022949
ISIC_0033878.jpg,0.484619
ISIC_0033881.jpg,0.191162
ISIC_0033883.jpg,0.093506
ISIC_0033884.jpg,0.285156
ISIC_0033885.jpg,0.462891
ISIC_0033886.jpg,0.188721
ISIC_0033891.jpg,0.171631
ISIC_0033893.jpg,0.764404
ISIC_0033899.jpg,0.092041
ISIC_0033900.jpg,0.087402
ISIC_0033901.jpg,0.067139
ISIC_0033902.jpg,0.165039
ISIC_0033905.jpg,0.426758
ISIC_0033908.jpg,0.361816
ISIC_0033910.jpg,0.065918
ISIC_0033911.jpg,0.478760
ISIC_0033913.jpg,0.315918
ISIC_0033924.jpg,0.158447
ISIC_0033925.jpg,0.568115
ISIC_0033931.jpg,0.475342
ISIC_0033938.jpg,0.123291
ISIC_0033942.jpg,0.334229
ISIC_0033945.jpg,0.170166
ISIC_0033946.jpg,0.120850
ISIC_0033947.jpg,0.231689
ISIC_0033949.jpg,0.289307
ISIC_0033952.jpg,0.414307
ISIC_0033953.jpg,0.294922
ISIC_0033956.jpg,0.266602
ISIC_0033957.jpg,0.276123
ISIC_0033962.jpg,0.134766
ISIC_0033967.jpg,0.083496
ISIC_0033968.jpg,0.188477
ISIC_0033969.jpg,0.110107
ISIC_0033973.jpg,0.121826
ISIC_0033975.jpg,0.212646
ISIC_0033977.jpg,0.353516
ISIC_0033979.jpg,0.074219
ISIC_0033980.jpg,0.103027
ISIC_0033981.jpg,0.296631
ISIC_0033985.jpg,0.154541
ISIC_0033986.jpg,0.263916
ISIC_0033987.jpg,0.517090
ISIC_0033991.jpg,0.124512
ISIC_0033995.jpg,0.146484
ISIC_0033999.jpg,0.671631
ISIC_0034000.jpg,0.192383
ISIC_0034002.jpg,0.249023
ISIC_0034003.jpg,0.359375
ISIC_0034005.jpg,0.375000
ISIC_0034006.jpg,0.433838
ISIC_0034007.jpg,0.578857
ISIC_0034011.jpg,0.212646
ISIC_0034012.jpg,0.375488
ISIC_0034015.jpg,0.181152
ISIC_0034022.jpg,0.049072
ISIC_0034024.jpg,0.130615
ISIC_0034026.jpg,0.081543
ISIC_0034028.jpg,0.273193
ISIC_0034031.jpg,0.593994
ISIC_0034034.jpg,0.106934
ISIC_0034036.jpg,0.451904
ISIC_0034037.jpg,0.093506
ISIC_0034040.jpg,0.402588
ISIC_0034046.jpg,0.427490
ISIC_0034047.jpg,0.110107
ISIC_0034048.jpg,0.113037
ISIC_0034049.jpg,0.170166
ISIC_0034050.jpg,0.327393
ISIC_0034051.jpg,0.122559
ISIC_0034052.jpg,0.172607
ISIC_0034057.jpg,0.293213
ISIC_0034058.jpg,0.289795
ISIC_0034059.jpg,0.194336
ISIC_0034061.jpg,0.099365
ISIC_0034062.jpg,0.263672
ISIC_0034064.jpg,0.085449
ISIC_0034065.jpg,0.082520
ISIC_0034066.jpg,0.364990
ISIC_0034068.jpg,0.274658
ISIC_0034070.jpg,0.184082
ISIC_0034071.jpg,0.274902
ISIC_0034074.jpg,0.050293
ISIC_0034076.jpg,0.442627
ISIC_0034085.jpg,0.320557
ISIC_0034087.jpg,0.080078
ISIC_0034089.jpg,0.400391
ISIC_0034092.jpg,0.561768
ISIC_0034093.jpg,0.592041
ISIC_0034094.jpg,0.481934
ISIC_0034095.jpg,0.182861
ISIC_0034100.jpg,0.217529
ISIC_0034101.jpg,0.232666
ISIC_0034103.jpg,0.069092
ISIC_0034104.jpg,0.282959
ISIC_0034106.jpg,0.368164
ISIC_0034107.jpg,0.181152
ISIC_0034113.jpg,0.354736
ISIC_0034115.jpg,0.240967
ISIC_0034117.jpg,0.337646
ISIC_0034118.jpg,0.116211
ISIC_0034119.jpg,0.197266
ISIC_0034120.jpg,0.140381
ISIC_0034123.jpg,0.260010
ISIC_0034125.jpg,0.285645
ISIC_0034126.jpg,0.077637
ISIC_0034132.jpg,0.307861
ISIC_0034134.jpg,0.447021
ISIC_0034135.jpg,0.117920
ISIC_0034140.jpg,0.238525
ISIC_0034141.jpg,0.372559
ISIC_0034142.jpg,0.467529
ISIC_0034143.jpg,0.340576
ISIC_0034145.jpg,0.415039
ISIC_0034150.jpg,0.143555
ISIC_0034151.jpg,0.292725
ISIC_0034155.jpg,0.190186
ISIC_0034159.jpg,0.358154
ISIC_0034160.jpg,0.206299
ISIC_0034161.jpg,0.401855
ISIC_0034162.jpg,0.204346
ISIC_0034165.jpg,0.191895
ISIC_0034167.jpg,0.108887
ISIC_0034168.jpg,0.218018
ISIC_0034169.jpg,0.081055
ISIC_0034170.jpg,0.584961
ISIC_0034172.jpg,0.180176
ISIC_0034173.jpg,0.300293
ISIC_0034175.jpg,0.395752
ISIC_0034180.jpg,0.282959
ISIC_0034183.jpg,0.308838
ISIC_0034186.jpg,0.469238
ISIC_0034188.jpg,0.069092
ISIC_0034189.jpg,0.268555
ISIC_0034196.jpg,0.390137
ISIC_0034197.jpg,0.489014
ISIC_0034201.jpg,0.308350
ISIC_0034202.jpg,0.411133
ISIC_0034205.jpg,0.018311
ISIC_0034208.jpg,0.472656
ISIC_0034211.jpg,0.109619
ISIC_0034214.jpg,0.135986
ISIC_0034216.jpg,0.680664
ISIC_0034218.jpg,0.186035
ISIC_0034221.jpg,0.145752
ISIC_0034222.jpg,0.183594
ISIC_0034223.jpg,0.387939
ISIC_0034233.jpg,0.282227
ISIC_0034235.jpg,0.364990
ISIC_0034236.jpg,0.384521
ISIC_0034239.jpg,0.448242
ISIC_0034242.jpg,0.317871
ISIC_0034243.jpg,0.461914
ISIC_0034246.jpg,0.152344
ISIC_0034252.jpg,0.158936
ISIC_0034253.jpg,0.480713
ISIC_0034255.jpg,0.150146
ISIC_0034256.jpg,0.193848
ISIC_0034259.jpg,0.468506
ISIC_0034262.jpg,0.104980
ISIC_0034263.jpg,0.364746
ISIC_0034269.jpg,0.127930
ISIC_0034275.jpg,0.988525
ISIC_0034276.jpg,0.065674
ISIC_0034280.jpg,0.233643
ISIC_0034283.jpg,0.268555
ISIC_0034284.jpg,0.310791
ISIC_0034287.jpg,0.256836
ISIC_0034289.jpg,0.152832
ISIC_0034291.jpg,0.365479
ISIC_0034294.jpg,0.547852
ISIC_0034296.jpg,0.178955
ISIC_0034299.jpg,0.059814
ISIC_0034303.jpg,0.223145
ISIC_0034306.jpg,0.173096
ISIC_0034313.jpg,0.534424
ISIC_0034315.jpg,0.345459
ISIC_0034316.jpg,0.241943
ISIC_0034317.jpg,0.153320
ISIC_0034318.jpg,0.230225
