filename,anomaly_score,label,sigma_global,glcm_cluster_prom,glcm_contrast,fft_spectral_entropy,cnr_proxy_otsu
BraTS2021_01467_flair_0.png,0.0016291998326778412,0,0.091787,31337.907852,6.143324,4.391159,8.662882
BraTS2021_01467_flair_5.png,0.0027763412799686193,0,0.093792,33637.498625,7.010332,4.354455,7.098823
BraTS2021_01468_flair_32.png,0.004427914973348379,0,0.185475,419015.208374,24.509974,4.037309,6.790025
BraTS2021_01468_flair_37.png,0.004030522424727678,0,0.186361,440021.204272,23.264,4.001906,7.31039
BraTS2021_01468_flair_42.png,0.0040606181137263775,0,0.1899,478498.283142,22.103792,3.942152,7.853158
BraTS2021_01468_flair_47.png,0.00495146494358778,0,0.190528,514952.83207,20.656292,3.917959,8.035816
BraTS2021_01468_flair_52.png,0.007621578872203827,0,0.186744,512563.462834,20.091905,3.98899,7.907752
BraTS2021_01468_flair_57.png,0.008147098124027252,0,0.180707,515992.316509,17.825675,4.049203,7.378654
BraTS2021_01468_flair_62.png,0.008087452501058578,0,0.174174,527172.618557,17.656769,4.238662,7.169509
BraTS2021_01468_flair_67.png,0.005830210633575916,0,0.163448,492319.883097,17.113517,4.429182,7.481718
BraTS2021_01469_flair_40.png,0.0022725393064320087,0,0.133179,89425.193413,11.890062,3.80108,10.064588
BraTS2021_01469_flair_45.png,0.0021970653906464577,0,0.130501,87654.069011,10.570124,3.807987,10.389421
BraTS2021_01469_flair_50.png,0.002306265290826559,0,0.126979,85431.520703,9.198324,3.828634,10.834041
BraTS2021_01469_flair_55.png,0.0024568219669163227,0,0.123575,87069.88288,8.866568,3.925068,9.791826
BraTS2021_01469_flair_60.png,0.002907541347667575,0,0.118199,88213.295452,8.57712,4.07786,9.569671
BraTS2021_01469_flair_65.png,0.002990610199049115,0,0.109931,89502.302612,8.015579,4.393695,9.700893
BraTS2021_01470_flair_41.png,0.00756092881783843,0,0.256928,1587531.689378,37.089399,3.853985,8.720831
BraTS2021_01470_flair_46.png,0.0052445996552705765,0,0.250568,1440517.330437,33.181616,3.829428,11.047486
BraTS2021_01470_flair_51.png,0.006280533503741026,0,0.246382,1531433.814987,28.854839,3.83358,10.644591
BraTS2021_01470_flair_56.png,0.005320930853486061,0,0.222574,1184645.833996,24.815101,3.994339,9.999757
BraTS2021_01470_flair_61.png,0.004514757543802261,0,0.212584,1224129.173635,22.749804,4.145375,9.481319
BraTS2021_01470_flair_66.png,0.005759145133197308,0,0.189431,1058691.310214,21.145686,4.506554,8.374609
BraTS2021_01471_flair_0.png,0.009841026738286018,0,0.132864,113038.333597,16.003016,4.247962,6.344244
BraTS2021_01471_flair_5.png,0.007907037623226643,0,0.144634,154664.334992,16.064737,3.952405,6.489054
BraTS2021_01472_flair_23.png,0.007070775143802166,0,0.167291,258746.619099,22.397287,4.022348,6.963706
BraTS2021_01472_flair_28.png,0.006298069842159748,0,0.165849,263835.372402,23.482427,4.29591,7.21072
BraTS2021_01472_flair_33.png,0.007583761587738991,0,0.164479,274857.621575,22.874675,4.412292,7.466083
BraTS2021_01472_flair_38.png,0.00784619152545929,0,0.160262,271899.358735,21.790932,4.300999,6.574121
BraTS2021_01472_flair_43.png,0.006959493737667799,0,0.157291,264562.668904,18.684559,4.084622,6.760633
BraTS2021_01472_flair_48.png,0.0063160560093820095,0,0.149835,249187.699199,16.925346,4.150459,7.176735
BraTS2021_01472_flair_53.png,0.005916114896535873,0,0.138618,223875.923942,16.53622,4.444077,7.296429
BraTS2021_01472_flair_58.png,0.005865388084203005,0,0.126251,199833.665514,14.617907,4.776562,6.59755
BraTS2021_01472_flair_63.png,0.005582100711762905,0,0.112927,168665.427807,13.548507,5.202686,6.2084
BraTS2021_01472_flair_68.png,0.00596935860812664,0,0.097605,136577.458422,11.758235,5.642383,5.820003
BraTS2021_01473_flair_50.png,0.0007665674784220755,0,0.068179,7656.923527,3.028575,4.156568,10.022151
BraTS2021_01473_flair_55.png,0.000485329917864874,0,0.067372,8403.035269,2.455644,4.057397,11.611421
BraTS2021_01473_flair_60.png,0.00042073093936778605,0,0.064416,8425.017302,2.23598,4.186548,11.664433
BraTS2021_01473_flair_65.png,0.00047306413762271404,0,0.05976,8011.926795,2.005746,4.408816,11.029612
BraTS2021_01474_flair_45.png,0.003211567411199212,0,0.169418,307233.950127,16.299813,3.971705,10.616844
BraTS2021_01474_flair_50.png,0.002256559208035469,0,0.168456,321433.37824,15.006896,3.950475,12.065557
BraTS2021_01474_flair_55.png,0.0021262471564114094,0,0.167073,359603.573554,14.195173,4.03232,12.76495
BraTS2021_01474_flair_60.png,0.001874469919130206,0,0.160924,369421.450864,13.395726,4.156473,11.685719
BraTS2021_01474_flair_65.png,0.0020023430697619915,0,0.150583,374927.421718,12.679256,4.406188,12.192032
BraTS2021_01476_flair_54.png,0.0020200142171233892,0,0.14008,191884.298192,10.105634,4.033441,10.113653
BraTS2021_01476_flair_59.png,0.0021658313926309347,0,0.132194,195534.492526,9.384523,4.271351,10.12924
BraTS2021_01476_flair_64.png,0.0019389275694265962,0,0.12293,184065.268126,8.177378,4.442807,9.525207
BraTS2021_01476_flair_69.png,0.0030599411111325026,0,0.106078,157084.277384,7.605812,4.959893,8.827807
BraTS2021_01477_flair_57.png,0.004201342351734638,0,0.188523,522255.635033,18.763739,3.96301,12.191654
BraTS2021_01477_flair_62.png,0.004104693420231342,0,0.185488,584146.787385,18.452375,4.097031,11.859748
BraTS2021_01477_flair_67.png,0.0033904139418154955,0,0.169037,504159.482031,16.464439,4.350665,11.334301
BraTS2021_01478_flair_62.png,0.0026239254511892796,0,0.175153,389647.642112,17.90902,4.087405,12.244339
BraTS2021_01478_flair_67.png,0.0017378248739987612,0,0.159095,327850.241317,13.228572,4.186777,11.62461
BraTS2021_01479_flair_0.png,0.004056903067976236,0,0.15823,279401.421819,19.228585,4.522159,9.250171
BraTS2021_01479_flair_5.png,0.004856558050960302,0,0.158911,270943.578705,19.256152,4.467199,9.020522
BraTS2021_01480_flair_24.png,0.004333938471972942,0,0.195333,422483.981512,27.656147,3.965616,9.582781
BraTS2021_01480_flair_29.png,0.004637966863811016,0,0.193907,411777.350053,28.327848,4.025374,9.886686
BraTS2021_01480_flair_34.png,0.0047544813714921474,0,0.191027,403262.811597,27.146104,4.057966,9.507574
BraTS2021_01480_flair_39.png,0.0035521150566637516,0,0.188538,394696.582272,25.083592,4.034116,9.963506
BraTS2021_01480_flair_44.png,0.003588438266888261,0,0.185832,398114.438208,22.765998,4.023262,11.127947
BraTS2021_01480_flair_49.png,0.0034328685142099857,0,0.179191,402300.33543,20.201383,4.08733,11.014053
BraTS2021_01480_flair_54.png,0.0035300927702337503,0,0.171989,411404.333607,18.457825,4.217303,10.940171
BraTS2021_01480_flair_59.png,0.003313087159767747,0,0.164054,420779.00701,17.592456,4.420896,10.188595
BraTS2021_01480_flair_64.png,0.0035895733162760735,0,0.152698,415925.736037,16.240246,4.647671,9.091619
BraTS2021_01480_flair_69.png,0.004763011820614338,0,0.135114,387599.70438,14.343184,5.072302,7.883375
BraTS2021_01481_flair_0.png,0.005825738422572613,0,0.20504,709424.114526,28.556139,4.311609,10.344813
BraTS2021_01481_flair_10.png,0.009919258765876293,0,0.222458,742799.100164,32.236839,3.847381,9.809
BraTS2021_01481_flair_15.png,0.006034252233803272,0,0.226731,745375.908426,29.953789,3.664089,9.945112
BraTS2021_01481_flair_5.png,0.011403929442167282,0,0.212495,705549.999469,35.095365,4.282156,9.514232
BraTS2021_01482_flair_60.png,0.002625351073220372,0,0.124336,97347.600319,9.657645,4.059805,9.522106
BraTS2021_01482_flair_65.png,0.0029741222970187664,0,0.116694,96104.369401,9.914185,4.406153,8.575811
BraTS2021_01483_flair_59.png,0.002782288705930114,0,0.136514,228719.131941,11.766152,4.414557,8.239459
BraTS2021_01483_flair_64.png,0.0023005949333310127,0,0.118001,163872.579516,9.823551,4.712352,7.988677
BraTS2021_01483_flair_69.png,0.0026016717310994864,0,0.097131,115308.527763,7.454795,5.137782,6.999755
BraTS2021_01484_flair_0.png,0.007680101785808802,0,0.2005,651995.415787,31.698411,4.446473,8.614189
BraTS2021_01484_flair_5.png,0.009327791631221771,0,0.201582,591960.623545,34.612785,4.332428,7.063837
BraTS2021_01485_flair_0.png,0.0054133241064846516,0,0.194514,659445.587308,26.171801,4.335706,8.432328
BraTS2021_01485_flair_5.png,0.007084839046001434,0,0.198189,644895.95647,29.006471,4.309241,7.440245
BraTS2021_01485_flair_59.png,0.004341754596680403,0,0.192552,660166.81277,22.586473,4.212483,12.015942
BraTS2021_01485_flair_64.png,0.005330327898263931,0,0.18146,683214.460261,19.958743,4.390994,11.68286
BraTS2021_01485_flair_69.png,0.004813613370060921,0,0.166731,672125.637347,18.366457,4.700256,11.468995
BraTS2021_01487_flair_45.png,0.0025665853172540665,0,0.141412,136038.565654,10.86311,3.754831,8.699594
BraTS2021_01487_flair_50.png,0.0021891947835683823,0,0.141399,145696.109615,10.058003,3.761661,9.279718
BraTS2021_01487_flair_55.png,0.0023979428224265575,0,0.138181,146821.237543,9.522453,3.828656,9.396776
BraTS2021_01487_flair_60.png,0.0021931827068328857,0,0.133778,151170.001903,8.99182,3.900979,8.671602
BraTS2021_01487_flair_65.png,0.002328334841877222,0,0.125201,137610.441588,8.547174,4.119925,9.050984
BraTS2021_01488_flair_0.png,0.002677049720659852,0,0.129112,131996.642524,11.771007,4.435383,7.553981
BraTS2021_01488_flair_10.png,0.0037450301460921764,0,0.135196,129426.384887,12.759166,4.1057,6.596603
BraTS2021_01488_flair_15.png,0.005454301834106445,0,0.143519,147425.717138,14.776039,3.925237,6.812973
BraTS2021_01488_flair_20.png,0.004914929158985615,0,0.141687,135301.989524,12.804649,3.722342,6.618948
BraTS2021_01488_flair_25.png,0.004916202276945114,0,0.138956,116478.309241,11.314016,3.600646,6.814263
BraTS2021_01488_flair_5.png,0.004685056395828724,0,0.132306,133857.0775,12.782637,4.224248,6.704178
BraTS2021_01489_flair_0.png,0.006762983743101358,0,0.223415,1042194.072123,35.0344,4.264542,9.198134
BraTS2021_01490_flair_0.png,0.0027191033586859703,0,0.135877,184072.379543,12.260814,4.343109,7.903488
BraTS2021_01490_flair_5.png,0.0033974687103182077,0,0.141544,180908.155808,13.582836,4.154947,7.475903
BraTS2021_01491_flair_0.png,0.007469978183507919,0,0.19287,630744.231576,30.035152,4.48992,7.990443
BraTS2021_01491_flair_5.png,0.009247609414160252,0,0.201447,636672.045092,35.167828,4.361624,7.670065
BraTS2021_01492_flair_0.png,0.003230780130252242,0,0.155028,294934.672851,17.891697,4.436534,8.157867
BraTS2021_01492_flair_10.png,0.0035883800592273474,0,0.164696,275817.696064,16.452855,3.929435,8.196447
BraTS2021_01492_flair_15.png,0.0045457882806658745,0,0.164402,246691.820575,17.424874,3.891289,8.485037
BraTS2021_01492_flair_20.png,0.003388929646462202,0,0.166456,235557.944535,16.878942,3.746274,9.286921
BraTS2021_01492_flair_25.png,0.0029603061266243458,0,0.164284,213312.136047,16.313347,3.710252,9.984642
BraTS2021_01492_flair_5.png,0.0049644457176327705,0,0.156271,269147.141026,18.198353,4.290691,7.802461
BraTS2021_01493_flair_28.png,0.003405685070902109,0,0.151131,129911.137735,17.626616,3.753563,10.156199
BraTS2021_01493_flair_33.png,0.003563609905540943,0,0.151103,133025.509052,17.560633,3.814451,10.408568
BraTS2021_01493_flair_38.png,0.0024823646526783705,0,0.149683,130230.84321,15.647466,3.77031,11.16813
BraTS2021_01493_flair_43.png,0.0021540960296988487,0,0.14879,133468.543552,14.101603,3.780705,12.477048
BraTS2021_01493_flair_48.png,0.001868644030764699,0,0.145511,135560.469458,13.385039,3.903461,11.77853
BraTS2021_01493_flair_53.png,0.0016497282776981592,0,0.14114,138357.25344,12.358019,3.997439,11.497798
BraTS2021_01493_flair_58.png,0.0016856096917763352,0,0.13619,141492.783011,11.433908,4.134605,10.870143
BraTS2021_01493_flair_63.png,0.0018222550861537457,0,0.128288,140695.380152,10.480289,4.349238,10.664279
BraTS2021_01493_flair_68.png,0.0018043303862214088,0,0.116612,130930.249063,8.9874,4.579477,9.315325
BraTS2021_01494_flair_66.png,0.0016173915937542915,0,0.11767,123161.716637,7.918871,4.30206,10.204575
BraTS2021_01497_flair_36.png,0.004654056392610073,0,0.173991,317970.158623,19.124455,3.979503,9.14649
BraTS2021_01497_flair_41.png,0.004465941805392504,0,0.171851,322279.492942,18.303188,4.057017,9.194144
BraTS2021_01497_flair_46.png,0.002886479254812002,0,0.17121,327033.383601,14.684449,3.854211,9.915724
BraTS2021_01497_flair_51.png,0.003271224908530712,0,0.16718,335506.540612,13.981587,3.940096,10.162236
BraTS2021_01497_flair_56.png,0.00316024711355567,0,0.160489,343803.95891,13.125697,4.084048,10.089416
BraTS2021_01497_flair_61.png,0.0021905782632529736,0,0.151753,336660.367697,11.941681,4.269627,9.366858
BraTS2021_01497_flair_66.png,0.0025006276555359364,0,0.142553,344928.565799,11.327509,4.517535,9.924496
BraTS2021_01499_flair_32.png,0.010813268832862377,0,0.229442,797058.051283,39.055185,3.905416,9.707129
BraTS2021_01499_flair_37.png,0.011360285803675652,0,0.229444,833458.691773,37.904816,3.960853,9.998715
BraTS2021_01499_flair_42.png,0.007528762333095074,0,0.226532,805092.576781,33.737463,3.889094,10.839089
BraTS2021_01499_flair_47.png,0.005203960929065943,0,0.221755,796144.950497,29.416986,3.886879,12.297655
BraTS2021_01499_flair_52.png,0.005378753878176212,0,0.215823,816510.501498,27.754071,3.988145,11.533471
BraTS2021_01499_flair_57.png,0.004126540385186672,0,0.206671,811702.417485,25.52427,4.142056,11.179162
BraTS2021_01499_flair_62.png,0.004449325613677502,0,0.197063,831728.331079,24.664157,4.332612,10.162379
BraTS2021_01499_flair_67.png,0.004908036440610886,0,0.180956,777650.669217,21.620563,4.55687,10.026657
BraTS2021_01500_flair_0.png,0.006177475675940514,0,0.174984,548266.835455,20.04419,4.389907,7.355268
BraTS2021_01500_flair_10.png,0.008465815335512161,0,0.178893,552797.869429,27.398922,4.491753,6.32023
BraTS2021_01500_flair_15.png,0.010102255269885063,0,0.195492,705649.806241,25.342415,4.009702,6.419337
BraTS2021_01500_flair_20.png,0.008971304632723331,0,0.201297,708457.824315,24.751871,3.790978,6.611908
BraTS2021_01500_flair_25.png,0.00833166390657425,0,0.202885,677229.097782,25.43684,3.768912,7.013809
BraTS2021_01500_flair_30.png,0.010925201699137688,0,0.197464,609004.805317,25.89004,3.855586,6.895831
BraTS2021_01500_flair_35.png,0.013200733810663223,0,0.197959,633647.019364,27.740533,3.999277,7.057112
BraTS2021_01500_flair_40.png,0.009897228330373764,0,0.197195,657387.181716,27.366867,4.118404,7.495281
BraTS2021_01500_flair_45.png,0.008677665144205093,0,0.197065,703053.325194,23.496044,4.041039,7.464762
BraTS2021_01500_flair_5.png,0.006109517067670822,0,0.177883,592064.869572,23.047595,4.466823,6.646961
BraTS2021_01501_flair_47.png,0.001593799446709454,0,0.111833,56995.715033,6.942123,3.857178,9.320796
BraTS2021_01501_flair_52.png,0.0015410659834742546,0,0.110399,60784.595179,6.205318,3.891036,9.304958
BraTS2021_01501_flair_57.png,0.0015421733260154724,0,0.107634,63455.141409,5.884442,4.008786,9.531368
BraTS2021_01501_flair_62.png,0.0016873632557690144,0,0.102334,63816.953869,5.374098,4.18686,9.305477
BraTS2021_01501_flair_67.png,0.0013853020500391722,0,0.092833,59780.015415,4.762369,4.487048,10.258674
BraTS2021_01502_flair_0.png,0.010163119062781334,0,0.224609,1201476.766983,32.041193,4.186188,7.783354
BraTS2021_01503_flair_0.png,0.008154332637786865,0,0.214252,972581.17057,34.844968,4.366269,7.470083
BraTS2021_01503_flair_57.png,0.010342602618038654,0,0.2083,1056815.132406,32.842434,4.453737,7.75704
BraTS2021_01503_flair_62.png,0.009867914021015167,0,0.193451,976967.267075,32.117478,4.733454,7.303855
BraTS2021_01503_flair_67.png,0.010445425286889076,0,0.175355,898518.652396,27.942819,4.978082,6.297119
BraTS2021_01504_flair_0.png,0.012260330840945244,0,0.217721,963481.925174,40.135582,4.393075,7.448975
BraTS2021_01504_flair_5.png,0.012279430404305458,0,0.231767,1037137.440421,37.967344,4.03362,7.826725
BraTS2021_01505_flair_0.png,0.011900829151272774,0,0.248049,1957041.72263,40.895147,4.389535,9.444715
BraTS2021_01505_flair_10.png,0.012170449830591679,0,0.269022,1933136.948212,45.476895,3.990601,9.131837
BraTS2021_01505_flair_5.png,0.013390612788498402,0,0.259577,1864519.468731,46.664205,4.132356,8.87099
BraTS2021_01506_flair_0.png,0.0039120884612202644,0,0.129661,139143.902321,12.012268,4.276914,7.0278
BraTS2021_01507_flair_51.png,0.0030747370328754187,0,0.159487,263582.9404,15.031567,4.014158,9.438206
BraTS2021_01507_flair_56.png,0.0034433847758919,0,0.151387,266625.464203,13.157017,4.14072,8.369144
BraTS2021_01507_flair_61.png,0.003279605880379677,0,0.143916,267847.600501,13.200153,4.36814,8.167496
BraTS2021_01507_flair_66.png,0.0031148747075349092,0,0.132974,255841.544763,11.795196,4.560533,7.739305
BraTS2021_01508_flair_0.png,0.006065064575523138,0,0.196505,725711.138575,26.728362,4.353236,9.531796
BraTS2021_01508_flair_10.png,0.007520268205553293,0,0.212186,709165.633286,30.352335,3.961987,8.922743
BraTS2021_01508_flair_15.png,0.00791142787784338,0,0.2162,709738.463925,32.302855,3.875283,8.72431
BraTS2021_01508_flair_20.png,0.005628958344459534,0,0.220646,716271.220478,32.20637,3.780402,9.688072
BraTS2021_01508_flair_5.png,0.007488955743610859,0,0.203043,680626.863735,28.251839,4.111382,8.249918
BraTS2021_01509_flair_25.png,0.007632694207131863,0,0.184243,434052.686131,25.321117,4.171021,8.702301
BraTS2021_01509_flair_30.png,0.006859566085040569,0,0.183064,432114.204146,26.249165,4.271085,9.074663
BraTS2021_01509_flair_35.png,0.006973306182771921,0,0.178989,436688.580727,26.215083,4.4698,8.675145
BraTS2021_01509_flair_40.png,0.00652578379958868,0,0.17547,415463.16444,23.80284,4.382196,8.37335
BraTS2021_01509_flair_45.png,0.006731206551194191,0,0.169798,412262.79756,20.569567,4.31909,8.327681
BraTS2021_01509_flair_50.png,0.0076161762699484825,0,0.162173,416135.723173,20.739549,4.570102,7.926466
BraTS2021_01509_flair_55.png,0.005598082207143307,0,0.153908,391926.354358,20.337258,4.751793,7.861071
BraTS2021_01509_flair_60.png,0.00589684396982193,0,0.140012,348154.058161,18.901668,5.060986,6.728238
BraTS2021_01509_flair_65.png,0.007269228342920542,0,0.129068,342714.438512,18.537774,5.423167,6.655015
BraTS2021_01510_flair_0.png,0.0035178097896277905,0,0.173037,386054.695564,20.464197,4.33453,9.764273
BraTS2021_01510_flair_10.png,0.004663119558244944,0,0.182976,375820.058331,21.310902,3.95091,8.465255
BraTS2021_01510_flair_15.png,0.004372620489448309,0,0.184594,354203.357099,20.92753,3.848185,9.076826
BraTS2021_01510_flair_5.png,0.005684720817953348,0,0.177043,380309.452957,21.749784,4.16006,7.816753
BraTS2021_01511_flair_0.png,0.005612528882920742,0,0.198276,674498.624942,29.786834,4.445349,9.38253
BraTS2021_01512_flair_61.png,0.006365311332046986,0,0.203402,1123328.118919,26.284733,4.419853,8.387635
BraTS2021_01512_flair_66.png,0.005788243841379881,0,0.187446,1069917.624756,24.02084,4.678703,8.077148
BraTS2021_01513_flair_0.png,0.00764940632507205,0,0.20596,868918.33353,32.498202,4.535689,9.121299
BraTS2021_01513_flair_5.png,0.012488380074501038,0,0.216935,914017.857713,37.774523,4.362682,8.366795
BraTS2021_01514_flair_49.png,0.002607600763440132,0,0.18915,424521.367023,19.607363,3.854212,12.716455
BraTS2021_01514_flair_54.png,0.003411566838622093,0,0.181849,434389.887933,17.81234,3.970908,12.488455
BraTS2021_01514_flair_59.png,0.0033686887472867966,0,0.17627,488410.91605,16.653504,4.110091,11.440486
BraTS2021_01514_flair_64.png,0.003401709720492363,0,0.164144,490195.226658,15.247039,4.365259,10.966578
BraTS2021_01514_flair_69.png,0.003016649978235364,0,0.146173,437342.618615,13.072261,4.663293,9.31927
BraTS2021_01515_flair_55.png,0.002165443729609251,0,0.109534,57478.036735,10.059724,4.280148,7.287363
BraTS2021_01515_flair_60.png,0.002887547016143799,0,0.109434,69781.399112,11.334992,4.539271,6.542033
BraTS2021_01515_flair_65.png,0.0024772135075181723,0,0.107583,82834.374624,11.500738,4.782746,5.789615
BraTS2021_01516_flair_0.png,0.0066609131172299385,0,0.153361,192236.828706,20.222604,4.244577,6.775086
BraTS2021_01516_flair_10.png,0.0046055857092142105,0,0.156268,177075.635447,17.522763,3.845316,7.649047
BraTS2021_01516_flair_15.png,0.004336211364716291,0,0.156754,173104.451691,17.731718,3.796921,7.821723
BraTS2021_01516_flair_20.png,0.0042951954528689384,0,0.153984,162342.685546,17.653587,3.856776,8.207402
BraTS2021_01516_flair_25.png,0.0049228668212890625,0,0.154161,168117.786353,19.354382,4.040898,8.354705
BraTS2021_01516_flair_30.png,0.004649471025913954,0,0.152116,168192.080597,18.573554,4.153844,8.660463
BraTS2021_01516_flair_35.png,0.005364276003092527,0,0.152606,171785.731262,18.301641,4.088372,9.064568
BraTS2021_01516_flair_40.png,0.003773754695430398,0,0.155158,199171.374837,13.676588,3.755715,8.856444
BraTS2021_01516_flair_5.png,0.005185386165976524,0,0.15865,194736.357521,18.641521,3.934985,7.915091
BraTS2021_01518_flair_0.png,0.007885262370109558,0,0.217894,967414.432528,32.078987,4.239543,8.736098
BraTS2021_01518_flair_10.png,0.008955133147537708,0,0.22367,803124.611743,31.668325,3.856834,9.266178
BraTS2021_01518_flair_5.png,0.008160380646586418,0,0.220563,839077.179418,29.840358,3.970088,9.493624
BraTS2021_01519_flair_0.png,0.0038223799783736467,0,0.169707,374169.533995,18.436632,4.285582,10.325469
BraTS2021_01519_flair_5.png,0.00466459896415472,0,0.172378,387851.684174,20.320722,4.316594,9.620649
BraTS2021_01519_flair_58.png,0.004820703528821468,0,0.1639,391838.584236,14.846171,4.077219,7.223462
BraTS2021_01519_flair_63.png,0.006145528983324766,0,0.153667,393044.212989,13.512896,4.259456,6.763799
BraTS2021_01519_flair_68.png,0.003962613642215729,0,0.140277,385506.207129,12.156635,4.606112,6.227149
BraTS2021_01520_flair_0.png,0.002824806608259678,0,0.149478,224857.703725,15.984764,4.335238,8.75954
BraTS2021_01520_flair_10.png,0.004280126187950373,0,0.159375,237570.552106,17.094531,4.085057,7.985692
BraTS2021_01520_flair_15.png,0.004113263450562954,0,0.157582,208273.013297,16.943005,4.002093,8.09925
BraTS2021_01520_flair_20.png,0.0035693051759153605,0,0.156407,186719.912884,15.930412,3.848728,8.191301
BraTS2021_01520_flair_25.png,0.0027041640132665634,0,0.156023,175495.476497,15.143736,3.756325,8.974291
BraTS2021_01520_flair_30.png,0.002518767025321722,0,0.154817,167361.918544,15.317715,3.755281,9.467199
BraTS2021_01520_flair_5.png,0.0033546919003129005,0,0.152029,219404.89479,15.471528,4.113862,7.597291
BraTS2021_01522_flair_0.png,0.004811255261301994,0,0.164051,288785.928498,19.665099,4.308537,7.98226
BraTS2021_01522_flair_5.png,0.005622038617730141,0,0.167528,268741.395651,21.429003,4.172003,7.86626
BraTS2021_01522_flair_50.png,0.004051017574965954,0,0.145567,181388.378906,14.539362,4.075295,8.500784
BraTS2021_01522_flair_55.png,0.004979748744517565,0,0.137253,173922.814816,14.526412,4.33553,7.987835
BraTS2021_01522_flair_60.png,0.004248345270752907,0,0.125682,158107.221216,13.290443,4.576125,7.135272
BraTS2021_01522_flair_65.png,0.003591961693018675,0,0.112614,137497.48308,12.220306,4.936811,7.010067
BraTS2021_01524_flair_52.png,0.003257341217249632,0,0.203258,644317.869261,24.935086,4.046946,11.644871
BraTS2021_01524_flair_57.png,0.003158316947519779,0,0.196363,649204.834262,23.406232,4.158423,11.831348
BraTS2021_01524_flair_62.png,0.0026754995342344046,0,0.189539,664803.067049,21.042047,4.223074,12.520762
BraTS2021_01524_flair_67.png,0.0022248877212405205,0,0.175352,617522.987085,18.32062,4.439818,12.841633
BraTS2021_01526_flair_0.png,0.00457741878926754,0,0.198341,723369.629237,26.669307,4.34595,9.145998
BraTS2021_01526_flair_10.png,0.010011855512857437,0,0.206156,636693.8548,29.850538,4.018049,7.89766
BraTS2021_01526_flair_15.png,0.006951836869120598,0,0.206364,586578.867637,27.882716,3.877268,8.657789
BraTS2021_01526_flair_20.png,0.005847279913723469,0,0.203591,532443.321418,27.89348,3.843833,8.575059
BraTS2021_01526_flair_25.png,0.004882242996245623,0,0.200577,475234.300332,26.189208,3.774796,9.393591
BraTS2021_01526_flair_30.png,0.0052517009899020195,0,0.199259,462245.247091,25.884379,3.804114,9.615272
BraTS2021_01526_flair_35.png,0.005082721821963787,0,0.198091,460225.443724,26.824506,3.888357,9.960545
BraTS2021_01526_flair_5.png,0.010835555382072926,0,0.200468,646228.260609,30.994442,4.278228,7.916948
BraTS2021_01527_flair_32.png,0.008743075653910637,0,0.225114,779847.387554,36.498286,4.001376,10.204086
BraTS2021_01527_flair_37.png,0.008404212072491646,0,0.220856,753846.469351,36.546864,4.100348,10.049849
BraTS2021_01527_flair_42.png,0.006671080831438303,0,0.212785,678543.329058,34.38926,4.145317,10.189493
BraTS2021_01527_flair_47.png,0.003287217114120722,0,0.211583,702369.926168,28.192395,4.015127,11.316207
BraTS2021_01527_flair_52.png,0.0029140100814402103,0,0.208256,742092.472607,25.179668,4.042818,12.693029
BraTS2021_01527_flair_57.png,0.0026485722046345472,0,0.197536,715247.828795,22.515364,4.156881,12.099162
BraTS2021_01527_flair_62.png,0.0022538602352142334,0,0.185462,667436.721859,19.539444,4.262551,12.253835
BraTS2021_01527_flair_67.png,0.0023176700342446566,0,0.17068,602455.276381,17.51455,4.493846,12.157219
BraTS2021_01528_flair_55.png,0.002047294285148382,0,0.17883,400779.521552,16.57374,3.930423,11.303367
BraTS2021_01528_flair_60.png,0.002538883127272129,0,0.1672,393967.367194,14.459466,4.089492,11.48759
BraTS2021_01528_flair_65.png,0.001848052954301238,0,0.159114,373739.435871,13.577691,4.233075,11.473879
BraTS2021_01529_flair_42.png,0.0039003617130219936,0,0.184396,323510.634499,21.261956,3.737299,9.050406
BraTS2021_01529_flair_47.png,0.002996019320562482,0,0.185499,345043.721715,19.09585,3.692554,10.335631
BraTS2021_01529_flair_52.png,0.0029007610864937305,0,0.183973,357824.175289,17.876743,3.722617,10.607411
BraTS2021_01529_flair_57.png,0.0031948299147188663,0,0.178076,360346.974064,16.660364,3.831807,10.068589
BraTS2021_01529_flair_62.png,0.0026855492033064365,0,0.171483,356179.418208,15.916048,3.963436,9.956814
BraTS2021_01529_flair_67.png,0.0035817285533994436,0,0.162386,353671.772521,14.632913,4.115687,9.48959
BraTS2021_01530_flair_0.png,0.007247849367558956,0,0.21364,863801.528211,28.804699,4.166664,8.729325
BraTS2021_01530_flair_10.png,0.00868578813970089,0,0.208995,704299.283529,28.692977,4.001148,7.387151
BraTS2021_01530_flair_15.png,0.00787757895886898,0,0.213987,692825.488867,26.852553,3.81986,8.521137
BraTS2021_01530_flair_20.png,0.01045240554958582,0,0.213575,657707.660338,28.042768,3.781178,8.374686
BraTS2021_01530_flair_25.png,0.010189023800194263,0,0.212485,612096.407773,28.844522,3.794769,9.089583
BraTS2021_01530_flair_30.png,0.008161040022969246,0,0.210252,596681.085126,31.002815,3.938781,8.80773
BraTS2021_01530_flair_35.png,0.007916991598904133,0,0.207373,601376.965599,32.943343,4.136892,8.593182
BraTS2021_01530_flair_40.png,0.007269490975886583,0,0.204001,601121.673047,30.940371,4.208662,8.644219
BraTS2021_01530_flair_45.png,0.00700787827372551,0,0.203289,603389.612331,27.777089,4.10263,8.842466
BraTS2021_01530_flair_5.png,0.0066560907289385796,0,0.211041,802547.600689,27.878225,4.094247,7.975658
BraTS2021_01530_flair_50.png,0.004673093557357788,0,0.206032,644658.774945,22.681015,3.833812,9.881119
BraTS2021_01530_flair_55.png,0.003486655419692397,0,0.202836,673667.809139,19.532133,3.802448,10.323759
BraTS2021_01530_flair_60.png,0.003257791046053171,0,0.194397,670449.335741,18.572021,3.937666,10.571275
BraTS2021_01530_flair_65.png,0.0030069779604673386,0,0.181022,633086.624611,16.115698,4.114876,10.34582
BraTS2021_01532_flair_0.png,0.007357771508395672,0,0.189607,380898.282831,20.677157,3.612589,8.498582
BraTS2021_01532_flair_5.png,0.008509165607392788,0,0.188586,357241.884402,21.669919,3.565615,8.190743
BraTS2021_01534_flair_47.png,0.0023342305794358253,0,0.180641,329412.651446,19.170427,3.840415,12.009285
BraTS2021_01534_flair_52.png,0.00298579060472548,0,0.177343,337528.991094,18.953575,3.961228,11.638359
BraTS2021_01534_flair_57.png,0.0038801112677901983,0,0.170933,333408.899346,18.545199,4.115591,10.438686
BraTS2021_01534_flair_62.png,0.004108710214495659,0,0.163816,330412.646103,18.480831,4.294036,10.332174
BraTS2021_01534_flair_67.png,0.004387147258967161,0,0.151588,306121.825701,17.927241,4.538767,8.663484
BraTS2021_01535_flair_40.png,0.0027980469167232513,0,0.159512,207369.45656,16.474212,3.917544,9.873582
BraTS2021_01535_flair_45.png,0.0022212499752640724,0,0.157147,208396.53421,14.923228,3.915867,9.932157
BraTS2021_01535_flair_50.png,0.0018227226100862026,0,0.157894,228411.180046,13.818198,3.927566,10.809034
BraTS2021_01535_flair_55.png,0.0020488370209932327,0,0.155155,239195.959298,12.892182,3.975887,10.542874
BraTS2021_01535_flair_60.png,0.0020456952042877674,0,0.147539,230980.805564,11.916758,4.103712,10.334135
BraTS2021_01535_flair_65.png,0.0016453556017950177,0,0.1388,221261.150345,10.691789,4.2727,10.978822
BraTS2021_01536_flair_26.png,0.0031026024371385574,0,0.180342,305724.740002,19.475429,3.693189,9.93832
BraTS2021_01536_flair_31.png,0.0029068817384541035,0,0.180217,304375.472981,19.981365,3.749188,10.422186
BraTS2021_01536_flair_36.png,0.00302799791097641,0,0.178523,296940.777486,19.555112,3.761502,10.485003
BraTS2021_01536_flair_41.png,0.002418693620711565,0,0.175195,284348.084706,18.747554,3.786691,10.072734
BraTS2021_01536_flair_46.png,0.001727386610582471,0,0.177906,320685.639773,16.503883,3.727159,10.535209
BraTS2021_01536_flair_51.png,0.0017978462856262922,0,0.176438,340539.926935,14.913461,3.750479,10.483606
BraTS2021_01536_flair_56.png,0.0015407479368150234,0,0.170901,340682.005452,13.340187,3.815234,9.825665
BraTS2021_01536_flair_61.png,0.0013813613913953304,0,0.162597,329075.569433,12.19654,3.956163,10.027072
BraTS2021_01536_flair_66.png,0.0012708380818367004,0,0.153289,322819.594165,10.939577,4.125705,9.749853
BraTS2021_01537_flair_0.png,0.00966236088424921,0,0.201365,807456.423173,22.910939,4.04887,6.555334
BraTS2021_01538_flair_0.png,0.006311575882136822,0,0.182188,559561.143659,19.709174,4.258638,8.148136
BraTS2021_01538_flair_10.png,0.00785551406443119,0,0.182156,451826.949035,24.437469,4.218557,7.202426
BraTS2021_01538_flair_15.png,0.00757095031440258,0,0.189113,447836.535619,21.902871,3.889852,8.365684
BraTS2021_01538_flair_5.png,0.005850223824381828,0,0.182597,517399.03116,21.003151,4.256816,8.097442
BraTS2021_01538_flair_61.png,0.007471127435564995,0,0.165399,453186.803145,18.393685,4.198443,6.840636
BraTS2021_01538_flair_66.png,0.007846996188163757,0,0.151546,409116.582534,18.074629,4.492007,5.789862
BraTS2021_01539_flair_43.png,0.0030632573179900646,0,0.169394,279189.970967,19.596864,4.030947,9.32398
BraTS2021_01539_flair_48.png,0.0027407805901020765,0,0.171979,308806.569538,18.913348,4.02245,10.083989
BraTS2021_01539_flair_53.png,0.0026010104920715094,0,0.17211,341053.522559,17.809073,4.074502,10.550159
BraTS2021_01539_flair_58.png,0.0026915199123322964,0,0.167392,358841.660306,16.950805,4.207835,10.290389
BraTS2021_01539_flair_63.png,0.002544103655964136,0,0.160624,364458.035173,15.417038,4.340643,10.484378
BraTS2021_01539_flair_68.png,0.0026471279561519623,0,0.150163,361885.879807,14.427937,4.551963,9.753994
BraTS2021_01540_flair_41.png,0.0017941846745088696,0,0.080114,13101.677483,6.383512,4.389881,6.951784
BraTS2021_01540_flair_46.png,0.0015336177311837673,0,0.077708,12145.370202,5.428747,4.341089,7.170873
BraTS2021_01540_flair_51.png,0.0013356383424252272,0,0.077363,12665.210988,5.075436,4.369275,7.61426
BraTS2021_01540_flair_56.png,0.0012133173877373338,0,0.073979,12199.720724,4.408577,4.427886,8.1841
BraTS2021_01540_flair_61.png,0.0009631105931475759,0,0.069566,11971.520814,3.810371,4.574142,8.539386
BraTS2021_01540_flair_66.png,0.0008906899602152407,0,0.06362,10947.704965,3.08557,4.769528,8.660886
BraTS2021_01541_flair_59.png,0.003880421631038189,0,0.227507,1225319.685817,24.459175,3.899575,11.295756
BraTS2021_01541_flair_64.png,0.0033853016793727875,0,0.214432,1177093.132383,22.72236,4.108532,11.526481
BraTS2021_01541_flair_69.png,0.002794747706502676,0,0.200282,1127082.8965,20.126552,4.294433,11.437012
BraTS2021_01543_flair_0.png,0.0032561880070716143,0,0.139225,117924.99392,13.904321,4.055578,9.730314
BraTS2021_01543_flair_38.png,0.004157928749918938,0,0.152007,141334.695782,17.900977,3.838111,9.259344
BraTS2021_01543_flair_43.png,0.0031670767348259687,0,0.151868,143076.022826,15.79966,3.777578,10.289544
BraTS2021_01543_flair_48.png,0.0023803752847015858,0,0.151432,147828.468275,14.179929,3.775326,12.176322
BraTS2021_01543_flair_53.png,0.00349845876917243,0,0.149767,156311.401588,13.774022,3.875253,12.250238
BraTS2021_01543_flair_58.png,0.004292295314371586,0,0.145558,161930.868881,13.211119,4.01691,11.271941
BraTS2021_01543_flair_63.png,0.006178788375109434,0,0.140848,174206.363445,13.974342,4.264707,9.302428
BraTS2021_01543_flair_68.png,0.007303910329937935,0,0.13895,213355.892796,14.879576,4.538117,8.015847
BraTS2021_01544_flair_58.png,0.00196277117356658,0,0.131313,148272.08726,9.986676,4.232498,9.090662
BraTS2021_01544_flair_63.png,0.0022117868065834045,0,0.118219,123049.720558,8.676071,4.434871,7.94239
BraTS2021_01544_flair_68.png,0.0017136817332357168,0,0.100181,82249.328558,6.008812,4.562506,7.768607
BraTS2021_01545_flair_0.png,0.003307136008515954,0,0.138252,157113.84497,12.937995,4.339,9.01274
BraTS2021_01545_flair_10.png,0.00405858876183629,0,0.153315,171264.63541,15.428693,3.915322,9.113389
BraTS2021_01545_flair_5.png,0.004114799201488495,0,0.147434,163263.474981,14.953637,4.107478,8.345071
BraTS2021_01546_flair_53.png,0.009889954701066017,0,0.225928,1233317.756812,29.11373,3.876601,7.425469
BraTS2021_01546_flair_58.png,0.007438285741955042,0,0.212037,1048236.308786,23.970907,3.908197,7.379301
BraTS2021_01546_flair_63.png,0.00651934091001749,0,0.202232,951268.466735,22.360633,4.040162,7.87081
BraTS2021_01546_flair_68.png,0.006254501640796661,0,0.188439,844276.987533,19.428948,4.17884,7.445046
BraTS2021_01547_flair_0.png,0.00495984498411417,0,0.15421,247190.491176,17.813185,4.432884,8.086737
BraTS2021_01548_flair_26.png,0.009435595944523811,0,0.224709,750182.481772,32.900569,3.308488,10.179478
BraTS2021_01548_flair_31.png,0.011123314499855042,0,0.222398,744855.50527,34.19885,3.398566,9.608095
BraTS2021_01548_flair_36.png,0.010144424624741077,0,0.221331,765027.747711,32.135428,3.401577,9.531137
BraTS2021_01548_flair_41.png,0.009497813880443573,0,0.222196,817470.751255,28.198436,3.331295,10.051892
BraTS2021_01548_flair_46.png,0.009778627194464207,0,0.22114,881993.136666,27.155307,3.391079,10.827882
BraTS2021_01548_flair_51.png,0.010581467300653458,0,0.215048,891273.965729,26.673652,3.484442,9.573147
BraTS2021_01548_flair_56.png,0.010229918174445629,0,0.204342,879240.458719,24.693568,3.630039,8.773583
BraTS2021_01548_flair_61.png,0.010992614552378654,0,0.192634,873334.296641,23.63693,3.841194,8.393537
BraTS2021_01548_flair_66.png,0.01213764026761055,0,0.175516,822100.971405,20.43967,4.032343,7.322558
BraTS2021_01549_flair_35.png,0.005919832270592451,0,0.223177,840507.217297,29.180566,3.91955,11.319004
BraTS2021_01549_flair_40.png,0.005199175328016281,0,0.219854,799477.225966,28.52203,3.945906,11.556356
BraTS2021_01549_flair_45.png,0.0042729927226901054,0,0.21664,787996.724226,26.160379,3.906901,11.885006
BraTS2021_01549_flair_50.png,0.0039423322305083275,0,0.213366,811907.393718,24.111011,3.912226,11.946387
BraTS2021_01549_flair_55.png,0.0034657358191907406,0,0.206394,823345.856021,21.843148,3.976903,10.865727
BraTS2021_01549_flair_60.png,0.0033569741062819958,0,0.195421,790926.82138,20.018504,4.104099,10.622174
BraTS2021_01549_flair_65.png,0.0035927053540945053,0,0.181925,767738.229649,17.328245,4.295284,9.494066
BraTS2021_01550_flair_46.png,0.0017197836423292756,0,0.121156,75754.429239,10.947005,4.254897,9.0984
BraTS2021_01550_flair_51.png,0.0020173811353743076,0,0.119842,79863.404476,10.518929,4.297425,9.168147
BraTS2021_01550_flair_56.png,0.0020141347777098417,0,0.115293,78872.153066,9.207608,4.340787,9.189976
BraTS2021_01550_flair_61.png,0.0018354300409555435,0,0.110384,79842.899549,8.425691,4.455106,9.544996
BraTS2021_01550_flair_66.png,0.0015347349690273404,0,0.104824,83111.181109,7.960748,4.668064,9.365998
BraTS2021_01551_flair_11.png,0.010217802599072456,0,0.205176,617697.954739,30.949976,3.533284,8.110719
BraTS2021_01551_flair_16.png,0.009574329480528831,0,0.210918,651934.330133,30.102806,3.406306,8.660315
BraTS2021_01551_flair_21.png,0.010582510381937027,0,0.206387,588359.253004,31.187879,3.392845,8.283424
BraTS2021_01551_flair_26.png,0.01075840275734663,0,0.205082,576902.499538,31.956635,3.444641,8.12501
BraTS2021_01551_flair_31.png,0.009671353735029697,0,0.20334,587300.111959,30.81942,3.533302,8.304628
BraTS2021_01551_flair_36.png,0.009782156907022,0,0.202417,583192.442817,28.794735,3.469584,8.518313
BraTS2021_01551_flair_41.png,0.010626640170812607,0,0.204417,625057.609408,25.843009,3.395229,8.779557
BraTS2021_01551_flair_46.png,0.007829333655536175,0,0.204413,663398.269113,22.78102,3.38412,10.199656
BraTS2021_01551_flair_51.png,0.008877012878656387,0,0.200311,696730.403653,21.498492,3.474777,9.809602
BraTS2021_01551_flair_56.png,0.008169930428266525,0,0.189587,643064.556968,20.012795,3.622864,10.356204
BraTS2021_01551_flair_61.png,0.007527630776166916,0,0.181057,648444.167047,18.915604,3.795245,10.823489
BraTS2021_01551_flair_66.png,0.007023871876299381,0,0.168295,619652.363219,16.909839,3.982073,10.670556
BraTS2021_01552_flair_66.png,0.012397579848766327,0,0.170762,345652.10272,20.117925,4.077423,8.088859
BraTS2021_01555_flair_0.png,0.009161723777651787,0,0.246464,2137328.931522,42.915995,4.446789,8.962607
BraTS2021_01555_flair_10.png,0.012854581698775291,0,0.259318,1866901.141216,44.55345,4.091565,9.198935
BraTS2021_01555_flair_5.png,0.01404847763478756,0,0.25402,1944225.604183,44.80209,4.20903,8.778111
BraTS2021_01555_flair_62.png,0.005270794034004211,0,0.205635,1484583.077632,23.352072,4.454443,9.988628
BraTS2021_01555_flair_67.png,0.006034949794411659,0,0.179148,1249890.32441,20.877219,4.878785,8.472759
BraTS2021_01556_flair_29.png,0.0018707980634644628,0,0.099433,24539.534675,5.89001,3.423212,9.798336
BraTS2021_01556_flair_34.png,0.001794162904843688,0,0.098596,23875.883479,6.136271,3.508842,9.442233
BraTS2021_01556_flair_39.png,0.0019261095440015197,0,0.098116,23929.52025,5.888516,3.572044,9.856885
BraTS2021_01556_flair_44.png,0.0012038357090204954,0,0.097366,23911.256035,5.178667,3.553411,10.461578
BraTS2021_01556_flair_49.png,0.0011140876449644566,0,0.095321,23609.79203,4.717242,3.589574,10.167744
BraTS2021_01556_flair_54.png,0.0012410515919327736,0,0.091926,22947.292755,4.297003,3.675918,9.053266
BraTS2021_01556_flair_59.png,0.001277521369047463,0,0.087257,22162.187694,3.983156,3.839546,8.38042
BraTS2021_01556_flair_64.png,0.0010274630039930344,0,0.082494,21930.606402,3.597213,4.040141,8.295824
BraTS2021_01556_flair_69.png,0.0009253026801161468,0,0.077527,21505.700145,3.626461,4.317981,8.066941
BraTS2021_01557_flair_27.png,0.0034463731572031975,0,0.16111,171865.570332,17.90286,3.688229,9.678404
BraTS2021_01557_flair_32.png,0.0035427366383373737,0,0.162223,178752.144756,18.367814,3.720367,9.731933
BraTS2021_01557_flair_37.png,0.0026920014061033726,0,0.160948,181630.211414,17.359978,3.750577,9.638891
BraTS2021_01557_flair_42.png,0.002549458760768175,0,0.158646,179202.387352,16.17628,3.792713,9.640776
BraTS2021_01557_flair_47.png,0.002606835914775729,0,0.156566,181499.380515,15.537135,3.86166,9.86219
BraTS2021_01557_flair_52.png,0.0030601248145103455,0,0.151546,179116.099821,14.179433,3.905098,8.677662
BraTS2021_01557_flair_57.png,0.0030010708142071962,0,0.143599,173340.21337,12.762917,4.027068,8.118838
BraTS2021_01557_flair_62.png,0.002844729460775852,0,0.137491,168412.68463,12.487766,4.211193,7.937008
BraTS2021_01557_flair_67.png,0.00422151293605566,0,0.129934,156470.367693,13.321865,4.407139,6.984368
BraTS2021_01558_flair_53.png,0.004637246020138264,0,0.182854,436407.175485,19.851425,3.969477,10.632032
BraTS2021_01558_flair_58.png,0.0042851511389017105,0,0.178205,469238.732813,18.155596,4.029672,10.800416
BraTS2021_01558_flair_63.png,0.004685083404183388,0,0.170477,466567.933474,16.881345,4.19584,11.228906
BraTS2021_01558_flair_68.png,0.004346535075455904,0,0.160569,464901.865244,16.113942,4.46701,10.495777
BraTS2021_01559_flair_32.png,0.006140176206827164,0,0.242933,990736.922387,39.318283,3.855265,10.30955
BraTS2021_01559_flair_37.png,0.005727379582822323,0,0.242567,999149.566103,36.38598,3.820199,10.955832
BraTS2021_01559_flair_42.png,0.0052058761939406395,0,0.241268,1024096.886199,33.724557,3.827887,11.638868
BraTS2021_01559_flair_47.png,0.004904818721115589,0,0.23568,1020322.247396,31.087647,3.880541,11.279213
BraTS2021_01559_flair_52.png,0.0049850819632411,0,0.224201,974354.792269,26.826423,3.927123,9.133543
BraTS2021_01559_flair_57.png,0.006086037959903479,0,0.208949,894698.25279,24.486418,4.081933,8.246417
BraTS2021_01559_flair_62.png,0.007799562998116016,0,0.194836,799492.243218,23.624415,4.286809,7.545205
BraTS2021_01559_flair_67.png,0.011797107756137848,0,0.177036,696751.655044,22.076534,4.545181,7.144169
BraTS2021_01560_flair_0.png,0.010596862994134426,0,0.200184,874948.598271,41.916579,4.994427,6.562793
BraTS2021_01560_flair_10.png,0.012733100913465023,0,0.199253,694502.038232,42.831359,4.800126,6.366976
BraTS2021_01560_flair_15.png,0.01064044889062643,0,0.194875,569492.409237,39.790139,4.62948,6.384932
BraTS2021_01560_flair_20.png,0.0104459747672081,0,0.194624,530911.945396,37.085347,4.490541,6.458788
BraTS2021_01560_flair_25.png,0.010280320420861244,0,0.192927,506122.307771,37.735203,4.524879,6.225143
BraTS2021_01560_flair_30.png,0.007991551421582699,0,0.1934,500385.276872,38.215655,4.550288,6.353765
BraTS2021_01560_flair_5.png,0.013993113301694393,0,0.197464,760451.069008,45.99362,4.996594,5.960306
BraTS2021_01561_flair_39.png,0.010458454489707947,0,0.192373,565085.226637,31.940598,4.464494,7.491426
BraTS2021_01561_flair_44.png,0.010542681440711021,0,0.189241,562756.931006,29.244707,4.358881,6.983754
BraTS2021_01561_flair_49.png,0.007992270402610302,0,0.184249,531055.059472,21.164193,4.049291,7.446648
BraTS2021_01561_flair_54.png,0.006964991334825754,0,0.170024,450122.214692,18.85285,4.223625,6.930321
BraTS2021_01561_flair_59.png,0.005788371432572603,0,0.157947,372591.138331,17.162976,4.39054,7.445132
BraTS2021_01561_flair_64.png,0.0044213710352778435,0,0.141821,297214.268801,14.854757,4.632664,7.415633
BraTS2021_01561_flair_69.png,0.003578104544430971,0,0.120965,220489.092355,11.294188,4.900678,7.323329
BraTS2021_01563_flair_47.png,0.004029589705169201,0,0.23128,1055143.185371,26.579467,3.775131,9.39831
BraTS2021_01563_flair_52.png,0.004008611664175987,0,0.224983,1047052.147536,25.236428,3.885794,10.07457
BraTS2021_01563_flair_57.png,0.00441680196672678,0,0.214123,1006936.173277,23.331754,4.011071,10.128547
BraTS2021_01563_flair_62.png,0.003926808945834637,0,0.201665,954213.733975,21.43572,4.203374,10.43768
BraTS2021_01563_flair_67.png,0.0027329926379024982,0,0.189011,934790.213478,19.111633,4.39711,10.654964
BraTS2021_01564_flair_53.png,0.003292737528681755,0,0.18279,384871.371592,19.456216,3.936409,12.04877
BraTS2021_01564_flair_58.png,0.003163471817970276,0,0.174934,385769.148409,17.959793,4.077528,10.951097
BraTS2021_01564_flair_63.png,0.003208213485777378,0,0.165173,385937.254256,16.665211,4.290321,11.587442
BraTS2021_01564_flair_68.png,0.0027838388923555613,0,0.15313,380779.595617,15.149603,4.52731,10.188195
BraTS2021_01565_flair_0.png,0.018918463960289955,0,0.232393,725318.574043,38.748425,3.158475,9.134109
BraTS2021_01566_flair_16.png,0.016259130090475082,0,0.282947,2019329.27121,59.033009,3.908824,8.346209
BraTS2021_01566_flair_21.png,0.01524957176297903,0,0.278759,1875320.93761,57.712787,3.921493,8.722802
BraTS2021_01566_flair_26.png,0.015967506915330887,0,0.278974,1945874.733838,61.721317,4.054084,8.676216
BraTS2021_01566_flair_31.png,0.01387071330100298,0,0.274225,1892277.675006,59.622098,4.121809,8.414833
BraTS2021_01566_flair_36.png,0.012932466343045235,0,0.272148,1925543.966832,56.486763,4.150335,9.354375
BraTS2021_01566_flair_41.png,0.01024848036468029,0,0.27198,1997632.881532,45.838723,3.950928,9.485134
BraTS2021_01566_flair_46.png,0.011841625906527042,0,0.266967,2173799.205129,42.140081,3.987422,10.231509
BraTS2021_01566_flair_51.png,0.012087859213352203,0,0.251849,2078490.274479,40.490626,4.185137,8.669983
BraTS2021_01566_flair_56.png,0.010622421279549599,0,0.233564,1957347.175122,38.014281,4.437237,8.245771
BraTS2021_01566_flair_61.png,0.011055059731006622,0,0.21075,1757602.01183,32.213394,4.685081,7.753587
BraTS2021_01566_flair_66.png,0.013793871738016605,0,0.185128,1444097.879413,30.197609,5.115932,6.737997
BraTS2021_01567_flair_0.png,0.007418859284371138,0,0.209141,1064861.778865,32.184098,4.539682,7.447442
BraTS2021_01569_flair_66.png,0.0030458159744739532,0,0.144037,270522.625716,12.830964,4.428124,11.097282
BraTS2021_01570_flair_37.png,0.00795154832303524,0,0.232933,864257.59904,30.631017,3.640256,8.75539
BraTS2021_01570_flair_42.png,0.006448280997574329,0,0.23108,876705.301448,28.701464,3.649053,9.15253
BraTS2021_01570_flair_47.png,0.0066957026720047,0,0.22603,886270.362477,27.124823,3.748774,9.438659
BraTS2021_01570_flair_52.png,0.006462400779128075,0,0.21531,855318.047472,24.700769,3.855911,8.845346
BraTS2021_01570_flair_57.png,0.006536618806421757,0,0.204178,844179.303868,22.765024,4.017939,8.565216
BraTS2021_01570_flair_62.png,0.005036436952650547,0,0.186776,787232.132874,19.641979,4.277139,8.148901
BraTS2021_01570_flair_67.png,0.006909249350428581,0,0.165755,684087.486273,17.666428,4.646099,7.479285
BraTS2021_01571_flair_0.png,0.011053880676627159,0,0.201453,787696.387994,28.254175,4.279961,6.992006
BraTS2021_01571_flair_10.png,0.017441287636756897,0,0.21485,855419.608081,37.449231,4.244637,7.174137
BraTS2021_01571_flair_15.png,0.017350830137729645,0,0.219779,832492.966478,35.89267,4.042892,7.261778
BraTS2021_01571_flair_20.png,0.012768760323524475,0,0.218599,785859.899729,34.722041,3.979557,6.753999
BraTS2021_01571_flair_25.png,0.012646551243960857,0,0.219051,802847.816608,36.392369,4.11,6.892085
BraTS2021_01571_flair_5.png,0.014367992989718914,0,0.203752,750698.614363,32.740074,4.358215,6.53093
BraTS2021_01572_flair_42.png,0.006055169738829136,0,0.234308,946058.369171,36.302356,3.910592,9.938456
BraTS2021_01572_flair_47.png,0.00421110400930047,0,0.23805,1064403.53327,33.349315,3.851627,11.622183
BraTS2021_01572_flair_52.png,0.0038174446672201157,0,0.24063,1259903.263601,31.247538,3.882864,11.555692
BraTS2021_01572_flair_57.png,0.004048326052725315,0,0.237213,1412625.707652,29.119479,3.987043,11.125523
BraTS2021_01572_flair_62.png,0.004815333988517523,0,0.230721,1547233.057899,28.077527,4.161917,11.562326
BraTS2021_01572_flair_67.png,0.004618440289050341,0,0.221193,1718466.534953,26.069231,4.365999,10.459079
BraTS2021_01573_flair_0.png,0.0023003839887678623,0,0.116675,68318.241106,9.595067,4.163984,8.816612
BraTS2021_01574_flair_54.png,0.003032101783901453,0,0.139579,165844.217824,10.635725,3.808443,7.107187
BraTS2021_01574_flair_59.png,0.003356562927365303,0,0.132644,155135.735589,11.0222,4.068227,7.333063
BraTS2021_01574_flair_64.png,0.003849456086754799,0,0.124237,141033.416333,11.221514,4.318777,6.941356
BraTS2021_01574_flair_69.png,0.0032769753597676754,0,0.113986,129649.377178,9.538202,4.533991,6.618131
BraTS2021_01575_flair_0.png,0.004839257337152958,0,0.201766,685107.008726,26.112232,4.177227,9.116888
BraTS2021_01575_flair_5.png,0.0057648238725960255,0,0.207381,648930.174668,26.697325,3.951852,9.175156
BraTS2021_01576_flair_0.png,0.002250012941658497,0,0.119456,78787.203205,10.818601,4.202734,8.358729
BraTS2021_01577_flair_48.png,0.011737460270524025,0,0.216405,922900.873184,38.380632,4.324868,6.786371
BraTS2021_01577_flair_53.png,0.011367721483111382,0,0.218472,1009988.54611,32.047555,3.952789,7.03107
BraTS2021_01577_flair_58.png,0.00859570037573576,0,0.206719,970947.963015,25.603729,3.98786,6.831388
BraTS2021_01577_flair_63.png,0.009494161233305931,0,0.193744,865451.682818,28.079695,4.411864,6.725565
BraTS2021_01577_flair_68.png,0.0074187093414366245,0,0.17974,768198.736009,24.21874,4.537394,6.659575
BraTS2021_01579_flair_46.png,0.005269929766654968,0,0.176346,315468.26403,21.395201,3.998025,10.130244
BraTS2021_01579_flair_51.png,0.004223081283271313,0,0.177521,359934.87206,20.059579,4.030362,10.705994
BraTS2021_01579_flair_56.png,0.0043062856420874596,0,0.170939,368187.047719,18.734447,4.177527,10.745228
BraTS2021_01579_flair_61.png,0.004016404040157795,0,0.162857,372577.345842,17.705076,4.330527,10.683525
BraTS2021_01579_flair_66.png,0.004399217199534178,0,0.154944,401792.49017,16.368775,4.562969,10.307447
BraTS2021_01580_flair_0.png,0.008183946833014488,0,0.174006,272755.111149,24.775892,4.044566,7.382235
BraTS2021_01580_flair_10.png,0.013175060972571373,0,0.180648,285618.383556,32.091546,3.953443,7.064416
BraTS2021_01580_flair_41.png,0.008959902450442314,0,0.191815,399136.395111,30.005823,4.085911,8.346484
BraTS2021_01580_flair_46.png,0.006036695558577776,0,0.190483,390064.412372,25.287918,3.953458,9.558863
BraTS2021_01580_flair_5.png,0.009735163301229477,0,0.178747,281655.26706,28.591128,3.941815,7.085883
BraTS2021_01580_flair_51.png,0.004629717208445072,0,0.186024,387819.603113,21.736707,3.955682,10.811965
BraTS2021_01580_flair_56.png,0.003982641734182835,0,0.177984,377455.145427,19.666476,4.066306,10.801132
BraTS2021_01580_flair_61.png,0.005235287360846996,0,0.168322,363169.877361,18.276218,4.239963,9.876397
BraTS2021_01580_flair_66.png,0.005076659843325615,0,0.159099,340008.523512,16.061907,4.361617,10.088795
BraTS2021_01581_flair_66.png,0.002647864166647196,0,0.144434,305862.915149,11.500495,4.404172,11.303582
BraTS2021_01582_flair_0.png,0.0017611500807106495,0,0.090187,32020.900202,6.038703,4.46731,8.149784
BraTS2021_01582_flair_57.png,0.0012375739170238376,0,0.094133,30643.328231,5.213191,4.03196,10.035569
BraTS2021_01582_flair_62.png,0.0010730854701250792,0,0.088946,30118.658928,5.041168,4.241557,9.591334
BraTS2021_01582_flair_67.png,0.001067104283720255,0,0.082589,30353.870059,4.464957,4.496489,9.093202
BraTS2021_01583_flair_0.png,0.0063428618013858795,0,0.211962,955571.013126,32.114578,4.389606,8.749887
BraTS2021_01583_flair_5.png,0.009239849634468555,0,0.217504,842648.666857,37.639747,4.273247,8.243458
BraTS2021_01583_flair_61.png,0.0037964051589369774,0,0.212252,1013221.392648,22.677012,4.038904,9.843757
BraTS2021_01583_flair_66.png,0.004414787981659174,0,0.200204,996786.594149,21.810463,4.251562,9.326033
BraTS2021_01584_flair_0.png,0.004236388951539993,0,0.164614,308536.234104,18.410758,4.336208,9.452321
BraTS2021_01584_flair_5.png,0.007647112477570772,0,0.16864,302173.715786,22.752113,4.423647,8.543148
BraTS2021_01584_flair_68.png,0.004283232614398003,0,0.13961,305151.078787,14.021487,4.654325,7.956157
BraTS2021_01585_flair_39.png,0.005400842987000942,0,0.18398,374191.402536,19.094137,3.809892,8.674903
BraTS2021_01585_flair_44.png,0.003826269879937172,0,0.181786,366514.040827,16.840267,3.732049,8.620027
BraTS2021_01585_flair_49.png,0.004294021986424923,0,0.179421,370837.038255,15.696815,3.670653,8.903766
BraTS2021_01585_flair_54.png,0.004970733076334,0,0.172954,366275.431601,14.992638,3.748044,8.048797
BraTS2021_01585_flair_59.png,0.004343665204942226,0,0.16664,363794.82056,14.599441,3.873065,8.110134
BraTS2021_01585_flair_64.png,0.0038378536701202393,0,0.155303,325484.405549,14.00111,4.066648,7.402945
BraTS2021_01585_flair_69.png,0.004115427378565073,0,0.138884,279874.522391,13.012642,4.39702,6.8801
BraTS2021_01586_flair_0.png,0.00434502400457859,0,0.229198,1293230.688873,32.726785,4.281365,10.125756
BraTS2021_01586_flair_10.png,0.006796489004045725,0,0.237325,1154201.458535,34.866485,3.995739,9.182505
BraTS2021_01586_flair_15.png,0.0076718442142009735,0,0.237096,1073762.982907,33.867832,3.884903,9.340754
BraTS2021_01586_flair_5.png,0.006725534796714783,0,0.234378,1215948.511719,36.093372,4.143526,8.638185
BraTS2021_01586_flair_65.png,0.009633286856114864,0,0.199107,953615.725693,26.111068,4.35721,8.374624
BraTS2021_01587_flair_0.png,0.01204759906977415,0,0.225961,872317.148977,43.546393,4.284604,7.528995
BraTS2021_01588_flair_30.png,0.0031809054780751467,0,0.148491,151905.953272,16.1805,4.002238,8.617572
BraTS2021_01588_flair_35.png,0.0037149142008274794,0,0.148147,154766.75464,16.347757,4.058199,8.532967
BraTS2021_01588_flair_40.png,0.002915696008130908,0,0.150028,165906.539651,15.812699,4.037067,9.426548
BraTS2021_01588_flair_45.png,0.0027180220931768417,0,0.15317,188554.408725,15.403756,4.019916,9.894746
BraTS2021_01588_flair_50.png,0.003573262831196189,0,0.15022,193847.899728,15.323827,4.110244,9.208311
BraTS2021_01588_flair_55.png,0.0035305721685290337,0,0.146072,206657.625153,15.151876,4.298237,8.725622
BraTS2021_01588_flair_60.png,0.003727166447788477,0,0.139108,215752.728235,13.693536,4.42334,7.822334
BraTS2021_01588_flair_65.png,0.0035597910173237324,0,0.134071,236286.969544,13.319163,4.664366,7.954713
BraTS2021_01589_flair_0.png,0.010192587971687317,0,0.219219,921988.325501,27.391662,3.961524,8.809928
BraTS2021_01589_flair_10.png,0.008702494204044342,0,0.220078,740105.337163,30.033533,3.81055,10.044516
BraTS2021_01589_flair_15.png,0.008688895031809807,0,0.220578,718795.73598,31.706285,3.832576,9.353637
BraTS2021_01589_flair_5.png,0.008289586752653122,0,0.220748,805414.236408,28.173417,3.788698,9.58682
BraTS2021_01590_flair_0.png,0.004807329270988703,0,0.185922,386617.444433,23.426787,4.010031,8.911975
BraTS2021_01590_flair_5.png,0.004723650403320789,0,0.18732,380525.738773,23.41094,3.928717,8.889758
BraTS2021_01591_flair_37.png,0.006017250940203667,0,0.225101,866156.081419,34.05315,4.018457,9.937632
BraTS2021_01591_flair_42.png,0.005586741492152214,0,0.22089,840128.413472,31.789667,4.025744,9.839757
BraTS2021_01591_flair_47.png,0.004964768886566162,0,0.217925,879269.350228,26.524409,3.909552,10.249081
BraTS2021_01591_flair_52.png,0.005421806126832962,0,0.20888,901568.73262,25.658051,4.05861,8.875304
BraTS2021_01591_flair_57.png,0.006891755387187004,0,0.197125,856152.263125,25.872766,4.290471,8.789543
BraTS2021_01591_flair_62.png,0.006880097556859255,0,0.181983,771822.561521,25.619965,4.5791,7.870306
BraTS2021_01591_flair_67.png,0.006392058450728655,0,0.160907,664583.203482,22.700416,4.925887,6.918254
BraTS2021_01592_flair_28.png,0.014259546995162964,0,0.220844,783902.0866,41.658029,4.07697,7.429383
BraTS2021_01592_flair_33.png,0.01471886970102787,0,0.216333,757545.535788,40.028486,4.17774,7.766874
BraTS2021_01592_flair_38.png,0.01296215783804655,0,0.215492,764665.427625,35.081131,4.029085,7.519751
BraTS2021_01592_flair_43.png,0.009131615981459618,0,0.216045,791129.533139,27.207497,3.804071,7.800036
BraTS2021_01592_flair_48.png,0.008129363879561424,0,0.214557,838350.040478,25.3646,3.815774,8.455568
BraTS2021_01592_flair_53.png,0.006257909350097179,0,0.204833,820065.799736,22.406664,3.949359,7.994054
BraTS2021_01592_flair_58.png,0.007553175091743469,0,0.19275,774729.733435,23.151745,4.199681,7.302898
BraTS2021_01592_flair_63.png,0.007757261861115694,0,0.180804,735720.146192,22.74227,4.457676,7.098154
BraTS2021_01592_flair_68.png,0.007870044559240341,0,0.164647,687173.010228,21.267711,4.815685,6.79629
BraTS2021_01593_flair_0.png,0.0038550766184926033,0,0.181839,491964.939024,19.346079,4.047125,9.224643
BraTS2021_01593_flair_67.png,0.002827027114108205,0,0.140881,333544.163923,11.618864,4.572954,10.696708
BraTS2021_01594_flair_0.png,0.0017706956714391708,0,0.073435,14579.370987,5.325333,4.986538,6.359106
BraTS2021_01594_flair_10.png,0.0035210908390581608,0,0.078553,18512.10336,7.298735,5.04073,5.3243
BraTS2021_01594_flair_15.png,0.0030405849684029818,0,0.080832,18395.915267,7.290323,4.83454,5.640402
BraTS2021_01594_flair_20.png,0.0031758174300193787,0,0.081579,17131.449612,7.329645,4.683504,5.783676
BraTS2021_01594_flair_25.png,0.003769122064113617,0,0.084547,18712.057954,8.265337,4.669827,5.640363
BraTS2021_01594_flair_30.png,0.0036733238957822323,0,0.084799,18767.317201,8.439702,4.736872,6.334747
BraTS2021_01594_flair_5.png,0.003105172421783209,0,0.079765,26258.056439,7.462067,5.088651,4.790723
BraTS2021_01594_flair_61.png,0.002486088080331683,0,0.076015,22957.615444,5.711977,4.86745,7.59722
BraTS2021_01594_flair_66.png,0.001771042589098215,0,0.068179,20560.617094,4.654976,5.180313,6.939139
BraTS2021_01595_flair_0.png,0.006379486061632633,0,0.143766,248180.209603,18.092089,4.755531,6.625217
BraTS2021_01595_flair_5.png,0.006303180940449238,0,0.149933,240099.270534,21.21683,4.68359,6.41811
BraTS2021_01596_flair_0.png,0.005816536955535412,0,0.181572,473301.615105,23.258472,4.361691,8.092923
BraTS2021_01596_flair_5.png,0.006698064040392637,0,0.180723,481765.045999,22.977543,4.356322,7.489612
BraTS2021_01597_flair_0.png,0.003631926840171218,0,0.101121,54729.096634,9.518072,4.837755,5.771691
BraTS2021_01597_flair_67.png,0.004738876596093178,0,0.098064,99204.564609,9.551824,5.114472,4.930773
BraTS2021_01599_flair_0.png,0.0018684936221688986,0,0.076727,21088.810293,5.052767,4.889496,6.540755
BraTS2021_01599_flair_47.png,0.004106258973479271,0,0.097425,50898.965212,7.819867,4.400317,6.190574
BraTS2021_01599_flair_52.png,0.003276440082117915,0,0.093511,51811.96109,6.690443,4.431355,6.141667
BraTS2021_01599_flair_57.png,0.003599130781367421,0,0.084732,42216.921631,6.362344,4.807191,6.027698
BraTS2021_01599_flair_62.png,0.0034311211202293634,0,0.077021,34528.912728,6.036419,5.080151,5.953286
BraTS2021_01599_flair_67.png,0.0030581988394260406,0,0.068239,28223.930789,4.859744,5.363601,5.825222
BraTS2021_01600_flair_25.png,0.006004940718412399,0,0.130212,107820.875052,16.960078,4.239908,5.568236
BraTS2021_01600_flair_30.png,0.005561652593314648,0,0.1309,112528.767984,17.516523,4.335344,5.60079
BraTS2021_01600_flair_35.png,0.0060041481629014015,0,0.132684,122587.582332,17.485977,4.329995,5.631569
BraTS2021_01600_flair_40.png,0.005661969073116779,0,0.138383,142295.236197,17.440206,4.275943,6.224142
BraTS2021_01600_flair_45.png,0.007031821180135012,0,0.136829,147635.932687,17.872162,4.445481,6.16045
BraTS2021_01600_flair_50.png,0.0064997379668056965,0,0.133511,155123.217194,16.730257,4.558622,6.249691
BraTS2021_01600_flair_55.png,0.006265529431402683,0,0.136586,195286.520029,16.951658,4.703903,6.640685
BraTS2021_01600_flair_60.png,0.004717439413070679,0,0.128638,192159.828704,14.890088,4.823028,6.555843
BraTS2021_01600_flair_65.png,0.005202735774219036,0,0.12012,204522.67836,13.895913,5.0925,5.967608
BraTS2021_01602_flair_58.png,0.003412833670154214,0,0.166402,295183.689167,15.039988,3.952516,10.589939
BraTS2021_01602_flair_63.png,0.0035027312114834785,0,0.161829,299757.399491,14.991846,4.065889,10.69715
BraTS2021_01602_flair_68.png,0.004464329686015844,0,0.157945,301490.040925,15.988628,4.191223,9.767322
BraTS2021_01603_flair_65.png,0.003305024467408657,0,0.197548,873293.168839,20.803791,4.143772,10.05112
BraTS2021_01604_flair_0.png,0.007011189125478268,0,0.200038,853313.933366,30.080965,4.45721,8.225777
BraTS2021_01604_flair_10.png,0.009888412430882454,0,0.207234,756931.3481,32.424021,4.255397,7.316447
BraTS2021_01604_flair_5.png,0.010384639725089073,0,0.203045,841481.924204,32.971042,4.468308,7.558687
BraTS2021_01605_flair_0.png,0.00907396711409092,0,0.187757,675332.814523,29.2144,4.625941,8.274663
BraTS2021_01605_flair_5.png,0.009160216897726059,0,0.191245,652855.184217,29.578997,4.508692,7.84233
BraTS2021_01606_flair_0.png,0.005784081295132637,0,0.185787,544765.520002,24.738328,4.333748,7.649061
BraTS2021_01607_flair_0.png,0.017537709325551987,0,0.194407,523751.322086,40.310957,4.503847,6.234045
BraTS2021_01607_flair_10.png,0.01784227415919304,0,0.192365,469131.097228,45.250425,4.336189,5.150465
BraTS2021_01607_flair_15.png,0.01985877938568592,0,0.19113,451828.531731,47.956578,4.321506,4.894155
BraTS2021_01607_flair_20.png,0.017685800790786743,0,0.188933,427814.150412,45.403501,4.315803,4.94716
BraTS2021_01607_flair_25.png,0.017725642770528793,0,0.190269,452501.587091,46.08482,4.412696,5.028083
BraTS2021_01607_flair_30.png,0.018542025238275528,0,0.189252,459470.75105,47.345057,4.586705,5.08381
BraTS2021_01607_flair_5.png,0.017353488132357597,0,0.191952,453431.401393,41.039559,4.313884,5.882057
BraTS2021_01608_flair_0.png,0.008737649768590927,0,0.180598,392922.447709,23.549381,4.155154,7.437145
BraTS2021_01609_flair_0.png,0.004395296797156334,0,0.177406,331282.324738,20.230813,3.978719,8.669786
BraTS2021_01609_flair_5.png,0.005033164285123348,0,0.179547,325718.956931,20.75824,3.911554,9.440544
BraTS2021_01610_flair_41.png,0.005652479827404022,0,0.146593,206495.033207,20.895545,4.646596,6.884926
BraTS2021_01610_flair_46.png,0.005089046433568001,0,0.144897,202754.426322,16.641989,4.44956,7.163279
BraTS2021_01610_flair_51.png,0.0038740108720958233,0,0.142018,198754.379884,13.187758,4.3333,8.17915
BraTS2021_01610_flair_56.png,0.002912824973464012,0,0.134988,187797.677032,10.873718,4.377831,8.761176
BraTS2021_01610_flair_61.png,0.002497501205652952,0,0.125914,176217.043589,9.449759,4.513664,8.361735
BraTS2021_01610_flair_66.png,0.0021119737066328526,0,0.114176,155851.445714,7.19083,4.598972,8.304666
BraTS2021_01611_flair_31.png,0.009038704447448254,0,0.205955,541711.215986,25.248411,3.74237,9.902522
BraTS2021_01611_flair_36.png,0.009134974330663681,0,0.202707,528689.604078,25.669848,3.834942,9.782014
BraTS2021_01611_flair_41.png,0.006502903997898102,0,0.201051,523180.63933,21.100577,3.716403,10.798316
BraTS2021_01611_flair_46.png,0.005609549582004547,0,0.200592,563781.809583,19.238477,3.708976,11.570252
BraTS2021_01611_flair_51.png,0.005329109728336334,0,0.197897,600914.045301,17.61157,3.76247,11.036789
BraTS2021_01611_flair_56.png,0.005725017748773098,0,0.189542,590770.410815,16.73795,3.890904,10.727686
BraTS2021_01611_flair_61.png,0.005315328948199749,0,0.178619,567899.310848,14.789501,4.045135,10.224075
BraTS2021_01611_flair_66.png,0.0041825114749372005,0,0.165806,538126.785142,13.514567,4.27221,10.291541
BraTS2021_01612_flair_64.png,0.0031612415332347155,0,0.150051,413245.868562,13.08318,4.431276,7.765769
BraTS2021_01612_flair_69.png,0.003564296755939722,0,0.139118,436930.325017,12.292199,4.740817,6.765038
BraTS2021_01613_flair_0.png,0.008294252678751945,0,0.226972,984018.621904,43.259476,4.400745,8.28431
BraTS2021_01613_flair_59.png,0.006408569402992725,0,0.210041,714639.79801,28.925071,4.024183,9.347034
BraTS2021_01613_flair_64.png,0.006204124074429274,0,0.199299,687356.225783,27.844369,4.194016,8.752268
BraTS2021_01613_flair_69.png,0.005876022856682539,0,0.185023,656864.367687,25.210306,4.394712,7.929911
BraTS2021_01614_flair_0.png,0.006311671808362007,0,0.209619,961547.634459,27.592275,4.29684,8.674573
BraTS2021_01614_flair_10.png,0.008442359045147896,0,0.220209,847267.281043,31.968273,4.013586,8.709514
BraTS2021_01614_flair_15.png,0.008806104771792889,0,0.222928,770459.438284,32.220321,3.773221,8.716641
BraTS2021_01614_flair_20.png,0.007593371905386448,0,0.222606,724739.82317,30.477978,3.670866,8.800924
BraTS2021_01614_flair_25.png,0.007304616738110781,0,0.219844,702683.261754,28.830196,3.661013,8.459887
BraTS2021_01614_flair_5.png,0.008737822994589806,0,0.215245,884465.991446,31.611836,4.171953,7.87835
BraTS2021_01615_flair_25.png,0.006684090010821819,0,0.210222,633143.479835,28.427536,3.879074,9.699282
BraTS2021_01615_flair_30.png,0.0067894053645431995,0,0.209063,620834.200294,28.491864,3.907341,9.756254
BraTS2021_01615_flair_35.png,0.006626324728131294,0,0.209564,647537.533171,30.553952,4.013378,9.209229
BraTS2021_01615_flair_40.png,0.006059671752154827,0,0.210133,700350.91272,29.979829,4.087041,9.433735
BraTS2021_01615_flair_45.png,0.006141769699752331,0,0.210289,755511.151425,27.515659,4.086473,9.284147
BraTS2021_01615_flair_50.png,0.004229614045470953,0,0.211232,821224.515955,23.237767,3.960044,10.820349
BraTS2021_01615_flair_55.png,0.0030973167158663273,0,0.206322,861309.265597,20.339429,3.985268,10.162846
BraTS2021_01615_flair_60.png,0.002346398076042533,0,0.195371,828416.179002,18.282557,4.095079,10.195957
BraTS2021_01615_flair_65.png,0.002279391512274742,0,0.180542,775127.43182,15.020577,4.217564,8.919327
BraTS2021_01616_flair_49.png,0.005500379018485546,0,0.218577,1000088.378185,25.624801,3.9729,10.08202
BraTS2021_01616_flair_54.png,0.004678509198129177,0,0.209951,1009493.377601,22.633928,4.040935,9.345345
BraTS2021_01616_flair_59.png,0.005237372126430273,0,0.200871,1015592.697929,22.289349,4.203279,8.691992
BraTS2021_01616_flair_64.png,0.005220189690589905,0,0.187937,991698.706779,21.733695,4.452965,7.566804
BraTS2021_01616_flair_69.png,0.006952396593987942,0,0.170563,921051.407632,20.52316,4.7982,6.725273
BraTS2021_01617_flair_13.png,0.005226552486419678,0,0.167554,292881.977785,18.593137,4.039578,8.929768
BraTS2021_01617_flair_18.png,0.005920073017477989,0,0.168359,268177.137387,18.092736,3.889137,9.40707
BraTS2021_01617_flair_23.png,0.005427699536085129,0,0.167375,245880.673483,17.354923,3.788286,9.336002
BraTS2021_01617_flair_28.png,0.0034277329687029123,0,0.162458,211275.568447,16.379904,3.77896,9.456747
BraTS2021_01617_flair_3.png,0.004142041318118572,0,0.165563,381853.560861,19.093739,4.341337,8.185873
BraTS2021_01617_flair_8.png,0.004636100959032774,0,0.161805,309332.859832,18.797696,4.253489,7.845784
BraTS2021_01618_flair_0.png,0.0020837399642914534,0,0.140677,191422.37325,13.275924,4.427422,9.440048
BraTS2021_01618_flair_10.png,0.00396560225635767,0,0.14462,175786.442137,16.000409,4.363453,7.679375
BraTS2021_01618_flair_15.png,0.0034450124949216843,0,0.149723,191063.385989,16.190671,4.230176,8.493745
BraTS2021_01618_flair_20.png,0.003658408997580409,0,0.152502,187178.836881,15.334932,4.060988,9.519982
BraTS2021_01618_flair_5.png,0.0027138751465827227,0,0.14138,185837.980231,14.571613,4.479035,8.864701
BraTS2021_01619_flair_50.png,0.0018896475667133927,0,0.173856,331159.305681,14.776754,3.811754,9.623556
BraTS2021_01619_flair_55.png,0.0024036834947764874,0,0.167582,330780.726469,14.37872,3.948281,9.206048
BraTS2021_01619_flair_60.png,0.0026036263443529606,0,0.160141,344735.878594,13.869779,4.1266,8.543771
BraTS2021_01619_flair_65.png,0.0027360538952052593,0,0.147633,325997.004722,11.027283,4.228758,7.37977
BraTS2021_01620_flair_0.png,0.0062484135851264,0,0.166387,319252.258926,23.221253,4.522487,8.355044
BraTS2021_01620_flair_42.png,0.006300545297563076,0,0.165779,238779.159046,15.934221,3.873494,10.833798
BraTS2021_01620_flair_47.png,0.006473759654909372,0,0.163621,263475.501434,14.812608,3.895299,11.158292
BraTS2021_01620_flair_52.png,0.004164054989814758,0,0.156626,260240.629799,13.639032,3.995155,10.297627
BraTS2021_01620_flair_57.png,0.004423452075570822,0,0.147011,244842.115881,12.672321,4.164879,9.830927
BraTS2021_01620_flair_62.png,0.005899651441723108,0,0.134049,220373.894749,12.436082,4.451113,8.431312
BraTS2021_01620_flair_67.png,0.00523440632969141,0,0.117632,185455.398768,10.45052,4.779364,7.134552
BraTS2021_01621_flair_0.png,0.004758184775710106,0,0.197699,710674.82416,26.284204,4.307126,8.266041
BraTS2021_01621_flair_5.png,0.005911963526159525,0,0.200605,704544.273614,27.572181,4.237207,8.013833
BraTS2021_01622_flair_21.png,0.007639863528311253,0,0.225359,848686.334361,36.483549,4.022171,9.598759
BraTS2021_01622_flair_26.png,0.00864124670624733,0,0.225892,844053.273545,37.651783,4.015645,9.509591
BraTS2021_01622_flair_31.png,0.008687799796462059,0,0.227136,895160.865232,38.519183,4.081525,9.269923
BraTS2021_01622_flair_36.png,0.008244193159043789,0,0.220534,810854.89887,38.015947,4.156934,9.429438
BraTS2021_01622_flair_41.png,0.005353208631277084,0,0.214445,746339.949745,32.532573,4.127209,9.628183
BraTS2021_01622_flair_46.png,0.0061795637011528015,0,0.215465,813505.171562,30.269336,4.100547,10.422856
BraTS2021_01622_flair_51.png,0.006804860197007656,0,0.215287,914828.541065,30.944627,4.179755,10.030038
BraTS2021_01622_flair_56.png,0.006610060576349497,0,0.208192,967882.019878,30.109084,4.328131,8.781902
BraTS2021_01622_flair_61.png,0.007634871639311314,0,0.195798,964483.966295,29.349843,4.547709,7.595495
BraTS2021_01622_flair_66.png,0.009144813753664494,0,0.180961,988874.805694,28.31977,4.847386,6.90705
BraTS2021_01623_flair_0.png,0.0035219555720686913,0,0.182513,555420.954523,23.697626,4.462914,8.380557
BraTS2021_01623_flair_10.png,0.0037851338274776936,0,0.194406,521752.01898,24.867594,4.07818,9.426705
BraTS2021_01623_flair_15.png,0.004759261850267649,0,0.195167,512921.986672,25.322724,4.011262,8.449514
BraTS2021_01623_flair_20.png,0.0047865863889455795,0,0.196762,486371.941608,25.604152,3.928385,9.404103
BraTS2021_01623_flair_25.png,0.00567813403904438,0,0.199189,516620.22554,28.283037,4.01344,9.272652
BraTS2021_01623_flair_30.png,0.006161120720207691,0,0.201864,580930.494475,31.704049,4.15551,8.461701
BraTS2021_01623_flair_5.png,0.003907793201506138,0,0.188668,512859.652657,25.057331,4.213156,8.501912
BraTS2021_01624_flair_30.png,0.007227079477161169,0,0.161705,230235.850719,17.27036,3.952497,8.353533
BraTS2021_01624_flair_35.png,0.007912210188806057,0,0.160458,236983.029851,17.2695,4.024338,8.586886
BraTS2021_01624_flair_40.png,0.008100543171167374,0,0.15912,252444.844173,15.005785,4.000925,9.011216
BraTS2021_01624_flair_45.png,0.008193607442080975,0,0.159287,285452.60389,13.440562,3.970929,10.444368
BraTS2021_01624_flair_50.png,0.007709845434874296,0,0.153168,284050.871316,12.704811,4.098905,9.82688
BraTS2021_01624_flair_55.png,0.00721717020496726,0,0.142805,278104.602946,12.193634,4.386319,9.054794
BraTS2021_01624_flair_60.png,0.009079993702471256,0,0.128367,247188.229375,11.921632,4.810805,8.529345
BraTS2021_01624_flair_65.png,0.006914610508829355,0,0.106959,193872.472275,9.8831,5.443905,7.451952
BraTS2021_01626_flair_29.png,0.002689119428396225,0,0.164064,196680.153936,17.725223,3.778052,10.331874
BraTS2021_01626_flair_34.png,0.002870656317099929,0,0.162838,193396.958861,17.786067,3.810482,10.191188
BraTS2021_01626_flair_39.png,0.002381320809945464,0,0.160585,188253.048671,17.224712,3.844834,10.001722
BraTS2021_01626_flair_44.png,0.002324197441339493,0,0.156343,179074.938007,15.261382,3.864967,10.478276
BraTS2021_01626_flair_49.png,0.0019085989333689213,0,0.153458,179545.765064,14.565723,3.929085,10.765709
BraTS2021_01626_flair_54.png,0.002192600630223751,0,0.151539,191801.118794,13.889914,4.010579,10.363933
BraTS2021_01626_flair_59.png,0.003132028505206108,0,0.137791,164554.154116,12.301784,4.181672,8.577056
BraTS2021_01626_flair_64.png,0.0024722095113247633,0,0.127175,151314.530795,10.711859,4.358138,8.643409
BraTS2021_01626_flair_69.png,0.0023996245581656694,0,0.120949,159034.121832,10.87615,4.626357,7.628509
BraTS2021_01628_flair_12.png,0.018297556787729263,0,0.202134,712504.090057,38.456462,4.518231,6.482522
BraTS2021_01628_flair_17.png,0.019532591104507446,0,0.208647,747092.854757,43.570021,4.521993,6.44772
BraTS2021_01628_flair_2.png,0.015518993139266968,0,0.194692,916554.006299,33.96723,4.77683,7.156274
BraTS2021_01628_flair_22.png,0.0165390744805336,0,0.20596,660920.190676,41.716208,4.414076,6.672163
BraTS2021_01628_flair_27.png,0.014463544823229313,0,0.210603,722694.558343,41.010554,4.417953,6.934595
BraTS2021_01628_flair_32.png,0.013334080576896667,0,0.208582,685263.228618,40.911209,4.410303,7.104868
BraTS2021_01628_flair_37.png,0.011227451264858246,0,0.206733,650574.254887,43.163106,4.437606,7.203381
BraTS2021_01628_flair_42.png,0.011149052530527115,0,0.210258,701397.525992,37.827404,4.234431,7.353786
BraTS2021_01628_flair_47.png,0.010957185178995132,0,0.213534,791738.930725,38.01139,4.252102,7.94367
BraTS2021_01628_flair_52.png,0.008502276614308357,0,0.218596,964702.066002,36.198157,4.263791,8.602372
BraTS2021_01628_flair_57.png,0.010713809169828892,0,0.212418,972149.485079,34.719536,4.378541,9.014664
BraTS2021_01628_flair_62.png,0.010392673313617706,0,0.201917,946442.798064,34.387334,4.636094,8.407085
BraTS2021_01628_flair_67.png,0.00717311492189765,0,0.186886,904048.485691,28.005876,4.773439,8.970377
BraTS2021_01628_flair_7.png,0.01857593283057213,0,0.199575,809062.652466,41.764466,4.7749,6.333027
BraTS2021_01629_flair_42.png,0.0068029360845685005,0,0.255938,1300574.035118,39.315941,3.764258,10.153249
BraTS2021_01629_flair_47.png,0.00585450092330575,0,0.255649,1411610.747536,35.932494,3.765531,10.792047
BraTS2021_01629_flair_52.png,0.005787051748484373,0,0.246586,1384480.788322,32.825556,3.857855,10.788509
BraTS2021_01629_flair_57.png,0.006250355858355761,0,0.234187,1351792.956674,29.708002,3.982068,9.881044
BraTS2021_01629_flair_62.png,0.005120202898979187,0,0.221326,1356730.586854,26.766565,4.146816,9.354097
BraTS2021_01629_flair_67.png,0.00522487610578537,0,0.20049,1275359.554362,22.851599,4.374965,8.172459
BraTS2021_01630_flair_0.png,0.007304691709578037,0,0.227974,1238003.902027,36.443657,4.346325,7.860747
BraTS2021_01630_flair_10.png,0.009974263608455658,0,0.235275,1148856.709057,38.341468,4.098782,7.962672
BraTS2021_01630_flair_15.png,0.01234506443142891,0,0.239928,1166363.161489,40.146563,3.975248,7.695347
BraTS2021_01630_flair_20.png,0.011076003313064575,0,0.242725,1153903.014023,37.742798,3.858181,8.056211
BraTS2021_01630_flair_5.png,0.0097048906609416,0,0.228266,1151534.785275,39.300733,4.280479,7.385102
BraTS2021_01631_flair_0.png,0.012725163251161575,0,0.22647,1206540.345523,39.69532,4.512171,7.207296
BraTS2021_01631_flair_10.png,0.011154765263199806,0,0.24196,1199880.506217,43.673293,4.111266,7.861229
BraTS2021_01631_flair_5.png,0.011516675353050232,0,0.236548,1241626.145693,42.271074,4.304817,7.482719
BraTS2021_01632_flair_53.png,0.003425086149945855,0,0.160437,305107.102263,15.782784,4.108818,8.097265
BraTS2021_01632_flair_58.png,0.003812684677541256,0,0.156016,335027.410685,15.341236,4.271112,7.680902
BraTS2021_01632_flair_63.png,0.003951483406126499,0,0.150219,369404.323491,15.691227,4.464458,6.617249
BraTS2021_01632_flair_68.png,0.006713310722261667,0,0.139576,373141.793029,16.441987,4.840063,5.792371
BraTS2021_01633_flair_48.png,0.0044116368517279625,0,0.156407,198535.721571,15.721508,3.945191,9.568268
BraTS2021_01633_flair_53.png,0.00536144757643342,0,0.152622,210837.780211,16.103262,4.072674,9.505145
BraTS2021_01633_flair_58.png,0.005213165655732155,0,0.142321,205576.289494,14.621029,4.267359,8.134706
BraTS2021_01633_flair_63.png,0.004957612603902817,0,0.130054,190944.794355,13.119114,4.578547,7.642764
BraTS2021_01633_flair_68.png,0.00493405107408762,0,0.115124,165470.158633,12.564597,5.066337,7.26595
BraTS2021_01634_flair_53.png,0.0022087199613451958,0,0.152521,175552.858207,13.519834,3.82886,10.583375
BraTS2021_01634_flair_58.png,0.0022887783125042915,0,0.147668,182254.683441,12.571387,3.926481,9.70657
BraTS2021_01634_flair_63.png,0.002493199659511447,0,0.13884,173809.281348,11.498086,4.062453,9.132761
BraTS2021_01634_flair_68.png,0.0033381562680006027,0,0.129933,171748.882424,10.512262,4.249585,8.112421
BraTS2021_01635_flair_0.png,0.004417261574417353,0,0.18176,654448.955756,23.971179,4.586326,8.480463
BraTS2021_01635_flair_10.png,0.005950351245701313,0,0.186786,599849.90764,27.641902,4.456498,7.5549
BraTS2021_01635_flair_15.png,0.005719957873225212,0,0.196176,636827.208678,25.75244,4.221745,8.803071
BraTS2021_01635_flair_5.png,0.00487274955958128,0,0.18508,637437.584065,26.055689,4.576285,8.290562
BraTS2021_01636_flair_1.png,0.00794203206896782,0,0.134732,142911.802638,14.461018,4.558645,7.339266
BraTS2021_01637_flair_20.png,0.01378927007317543,0,0.177546,414825.353037,41.667263,4.633953,4.588631
BraTS2021_01637_flair_25.png,0.015294489450752735,0,0.178342,448333.624933,41.541958,4.686867,4.507108
BraTS2021_01637_flair_30.png,0.018259787932038307,0,0.176803,431398.10502,42.439326,4.78046,4.666294
BraTS2021_01637_flair_35.png,0.01618930883705616,0,0.18308,486720.169926,42.586336,4.803672,4.995385
BraTS2021_01637_flair_40.png,0.01431703194975853,0,0.179802,447047.164729,40.846328,4.809186,5.203873
BraTS2021_01637_flair_45.png,0.013487904332578182,0,0.181275,493132.521888,39.75643,4.784734,5.12097
BraTS2021_01637_flair_50.png,0.011294964700937271,0,0.18408,512754.584875,37.323607,4.631866,5.341682
BraTS2021_01637_flair_55.png,0.010714875534176826,0,0.181827,546859.35196,35.627597,4.691553,5.207472
BraTS2021_01637_flair_60.png,0.013270994648337364,0,0.174807,528974.419177,31.543283,4.767646,5.594302
BraTS2021_01637_flair_65.png,0.01085028424859047,0,0.16356,482001.009866,27.847934,4.995894,5.810902
BraTS2021_01638_flair_0.png,0.011471162550151348,0,0.204421,877726.388394,35.629373,4.678121,6.533864
BraTS2021_01638_flair_10.png,0.016701728105545044,0,0.210391,866003.722322,43.633179,4.67837,6.004779
BraTS2021_01638_flair_15.png,0.016868721693754196,0,0.217145,912220.502821,45.060779,4.526625,6.172229
BraTS2021_01638_flair_20.png,0.015446724370121956,0,0.221602,925698.112909,45.565753,4.399925,6.419738
BraTS2021_01638_flair_5.png,0.015095071867108345,0,0.205759,851740.87216,39.772698,4.6886,5.673033
BraTS2021_01639_flair_0.png,0.0074899750761687756,0,0.230795,1327361.855214,36.881561,4.386127,7.977396
BraTS2021_01639_flair_67.png,0.004459629766643047,0,0.18497,925015.898446,21.531182,4.540992,9.294123
BraTS2021_01640_flair_0.png,0.012918379157781601,0,0.19638,826762.239897,40.197464,5.058852,5.589234
BraTS2021_01640_flair_50.png,0.008783845230937004,0,0.214651,845187.374995,43.739329,4.490849,5.703979
BraTS2021_01640_flair_55.png,0.009473943151533604,0,0.211813,833024.440923,40.175527,4.476553,6.311764
BraTS2021_01640_flair_60.png,0.008714096620678902,0,0.200096,763150.505285,33.50288,4.528584,6.77419
BraTS2021_01640_flair_65.png,0.007542514242231846,0,0.189397,750140.306382,29.043515,4.644014,7.108077
BraTS2021_01641_flair_0.png,0.004095310345292091,0,0.130652,155986.112938,12.569545,4.555497,9.417428
BraTS2021_01641_flair_5.png,0.004489951767027378,0,0.130454,145455.450003,13.515469,4.583415,9.034635
BraTS2021_01642_flair_57.png,0.0019498416222631931,0,0.126841,105190.351329,8.493588,3.888565,9.709677
BraTS2021_01642_flair_62.png,0.0018641356145963073,0,0.122214,107087.944423,8.066146,4.036708,10.258417
BraTS2021_01642_flair_67.png,0.0013135839253664017,0,0.113576,100030.28507,7.254258,4.258596,10.351809
BraTS2021_01643_flair_0.png,0.005547571927309036,0,0.172609,367398.579498,22.068579,4.353659,7.42653
BraTS2021_01643_flair_10.png,0.005591400898993015,0,0.169302,284804.26606,19.867965,4.003606,7.388825
BraTS2021_01643_flair_15.png,0.006331511773169041,0,0.170682,283236.461566,20.65008,3.921351,7.191067
BraTS2021_01643_flair_5.png,0.006900849286466837,0,0.168797,305436.837529,20.362913,4.12574,7.091021
BraTS2021_01643_flair_58.png,0.004263292998075485,0,0.147368,242492.174245,12.505975,4.03357,7.116887
BraTS2021_01643_flair_63.png,0.00347833801060915,0,0.134032,213390.562278,11.963505,4.329281,6.586822
BraTS2021_01643_flair_68.png,0.004120382480323315,0,0.121154,187711.169277,12.231053,4.723281,6.253091
BraTS2021_01644_flair_0.png,0.0029480066150426865,0,0.145257,233919.333599,14.968038,4.472644,9.651531
BraTS2021_01644_flair_10.png,0.003862806363031268,0,0.145998,206115.199972,16.389386,4.342544,8.090701
BraTS2021_01644_flair_15.png,0.0037055201828479767,0,0.14842,202700.278063,14.982966,4.174417,7.860897
BraTS2021_01644_flair_5.png,0.002443877048790455,0,0.147154,232432.689293,14.708384,4.378106,9.471333
BraTS2021_01644_flair_63.png,0.0031770109198987484,0,0.13095,200465.204093,11.770302,4.428796,6.771953
BraTS2021_01646_flair_0.png,0.017327716574072838,0,0.257744,2525109.376738,50.870209,4.67406,8.750638
BraTS2021_01646_flair_5.png,0.016897406429052353,0,0.261258,2578355.043918,52.073278,4.645508,8.272594
BraTS2021_01647_flair_51.png,0.007750432938337326,0,0.200702,684905.650571,27.145435,4.248789,8.932781
BraTS2021_01647_flair_59.png,0.005555770359933376,0,0.193533,735521.066741,21.229944,4.112174,10.418976
BraTS2021_01647_flair_64.png,0.006324181333184242,0,0.176568,693260.866313,19.755994,4.428201,9.31139
BraTS2021_01647_flair_69.png,0.012427760288119316,0,0.150319,589182.21288,21.609795,5.286545,8.168192
BraTS2021_01648_flair_0.png,0.010452060028910637,0,0.205939,697131.367251,31.79692,4.305141,8.268053
BraTS2021_01648_flair_5.png,0.01611543446779251,0,0.206833,642932.804028,37.974785,4.32,7.114163
BraTS2021_01649_flair_45.png,0.005906508304178715,0,0.184905,467121.584636,21.914915,4.001251,9.464002
BraTS2021_01649_flair_50.png,0.006219556555151939,0,0.176752,456349.815075,20.283227,4.090195,8.561423
BraTS2021_01649_flair_55.png,0.007307283114641905,0,0.165804,426977.085568,22.471086,4.41632,7.710966
BraTS2021_01649_flair_60.png,0.00796900037676096,0,0.151647,386428.680374,21.838299,4.777518,7.204099
BraTS2021_01649_flair_65.png,0.007961692288517952,0,0.13782,354576.096167,20.665822,5.183808,6.54221
BraTS2021_01651_flair_0.png,0.008182527497410774,0,0.225328,1063296.646183,36.374288,4.229603,8.371661
BraTS2021_01651_flair_10.png,0.008164804428815842,0,0.23057,993274.813127,37.068974,3.992166,8.321856
BraTS2021_01651_flair_15.png,0.009541944600641727,0,0.231644,933571.69653,39.004778,3.939747,8.302311
BraTS2021_01651_flair_20.png,0.009451586753129959,0,0.231119,849468.998562,37.384097,3.827001,8.787053
BraTS2021_01651_flair_25.png,0.009092269465327263,0,0.228063,788129.70221,37.757895,3.839485,8.655668
BraTS2021_01651_flair_5.png,0.007601765915751457,0,0.229599,1040998.448689,37.190711,4.08391,8.131318
BraTS2021_01652_flair_0.png,0.00670862291008234,0,0.16113,315511.959528,25.514709,4.689988,5.629427
BraTS2021_01652_flair_10.png,0.00938982143998146,0,0.165848,320982.968833,30.524174,4.629855,4.947557
BraTS2021_01652_flair_5.png,0.0069657014682888985,0,0.163223,312847.274217,27.084233,4.626478,5.247589
BraTS2021_01655_flair_68.png,0.001104353810660541,0,0.087626,36880.226265,5.330866,4.550549,9.177072
BraTS2021_01656_flair_36.png,0.002505610231310129,0,0.124962,83055.687152,12.933005,4.182962,7.727207
BraTS2021_01656_flair_41.png,0.002172743668779731,0,0.125633,86708.031627,12.639432,4.200574,8.101553
BraTS2021_01656_flair_46.png,0.002370791509747505,0,0.126051,94413.495261,11.873623,4.227668,9.390953
BraTS2021_01656_flair_51.png,0.002640912774950266,0,0.123999,101429.600291,10.961884,4.314235,8.623614
BraTS2021_01656_flair_56.png,0.0021503018215298653,0,0.119354,101724.71484,9.7652,4.405638,8.965068
BraTS2021_01656_flair_61.png,0.002255204366520047,0,0.114315,104563.356531,9.198888,4.546607,8.785063
BraTS2021_01656_flair_66.png,0.0028224620036780834,0,0.109502,111277.252815,9.444653,4.817151,7.996206
BraTS2021_01657_flair_65.png,0.0031125652603805065,0,0.159314,365682.017902,13.074746,4.1488,10.013799
BraTS2021_01658_flair_0.png,0.006491733714938164,0,0.193953,677039.666778,25.010755,4.30851,8.243753
BraTS2021_01659_flair_69.png,0.0029735828284174204,0,0.175239,645421.311847,16.141544,4.342309,11.498075
BraTS2021_01660_flair_0.png,0.0034549518022686243,0,0.168537,370594.398704,18.951055,4.330903,9.927755
BraTS2021_01660_flair_10.png,0.0061307246796786785,0,0.170833,303128.245166,19.788259,4.026017,8.82226
BraTS2021_01660_flair_15.png,0.006701318547129631,0,0.173919,309505.387317,20.606494,3.923088,8.446677
BraTS2021_01660_flair_20.png,0.0075515927746891975,0,0.176028,310822.077204,21.377988,3.863008,8.236274
BraTS2021_01660_flair_5.png,0.005915533751249313,0,0.167415,326520.92185,19.514729,4.217046,8.689572
BraTS2021_01661_flair_59.png,0.006286937743425369,0,0.189435,639611.760675,19.144721,4.123299,12.717637
BraTS2021_01661_flair_64.png,0.0055970726534724236,0,0.183481,665981.133981,18.335142,4.249391,12.767714
BraTS2021_01661_flair_69.png,0.0038979158271104097,0,0.173714,676914.484228,16.619664,4.447681,11.070191
BraTS2021_01662_flair_0.png,0.007265051361173391,0,0.144103,220754.731128,21.897105,4.89645,6.42342
BraTS2021_01662_flair_10.png,0.007269814610481262,0,0.163051,287480.661475,24.346058,4.570895,6.984144
BraTS2021_01662_flair_15.png,0.007758036255836487,0,0.168569,312655.016896,27.820206,4.558749,6.546467
BraTS2021_01662_flair_20.png,0.00767242256551981,0,0.178792,356037.576993,27.874788,4.283253,6.999674
BraTS2021_01662_flair_25.png,0.007862914353609085,0,0.18263,369107.736416,29.153706,4.285214,7.477821
BraTS2021_01662_flair_5.png,0.007532280869781971,0,0.152934,243239.061836,25.070011,4.833137,6.617148
BraTS2021_01663_flair_0.png,0.009920558892190456,0,0.18678,373592.186948,27.091998,3.849061,6.913873
BraTS2021_01663_flair_10.png,0.011003762483596802,0,0.189143,361408.445301,26.335673,3.641514,7.264597
BraTS2021_01663_flair_15.png,0.007638624403625727,0,0.183934,301539.182521,22.642167,3.503096,8.062245
BraTS2021_01663_flair_20.png,0.006605543661862612,0,0.179973,264083.206269,21.329675,3.475826,8.975402
BraTS2021_01663_flair_25.png,0.005988806486129761,0,0.177766,250807.807829,21.6786,3.53566,8.963398
BraTS2021_01663_flair_30.png,0.005468279588967562,0,0.173905,232589.050709,21.727605,3.628693,8.657933
BraTS2021_01663_flair_35.png,0.004059665836393833,0,0.172313,227634.721896,20.911083,3.676639,8.966582
BraTS2021_01663_flair_5.png,0.010863697156310081,0,0.190521,389236.2968,27.316233,3.7324,6.968221
BraTS2021_01664_flair_0.png,0.006809791550040245,0,0.161409,232493.537771,18.380529,3.865188,7.431125
BraTS2021_01665_flair_50.png,0.001999886240810156,0,0.16356,243673.074336,15.185111,3.875146,10.53277
BraTS2021_01665_flair_55.png,0.0020180484279990196,0,0.160065,257702.463605,13.630097,3.953952,10.70395
BraTS2021_01665_flair_60.png,0.0016541006043553352,0,0.154489,268143.814794,12.173543,4.050653,10.683527
BraTS2021_01665_flair_65.png,0.001546208863146603,0,0.145557,265661.05003,10.595717,4.213139,10.395078
BraTS2021_01666_flair_60.png,0.003492194227874279,0,0.191979,664969.764696,20.770314,4.123599,11.156301
BraTS2021_01666_flair_65.png,0.00352236395701766,0,0.18198,688060.655694,19.406914,4.328755,10.831516
