Peptide_ID,Tool,Aggregation,score,Elispot,pos_gt0,pos_gt10
16097-101-10,DeepImmuno,max,0.9935423,110.0,1,1
16097-101-10,DeepImmuno,mean,0.8440297868548386,110.0,1,1
16097-101-10,DeepImmuno,top3mean,0.9928476666666667,110.0,1,1
16097-101-21,DeepImmuno,max,0.9974358,-1.333333333333329,0,0
16097-101-21,DeepImmuno,mean,0.8739304278846153,-1.333333333333329,0,0
16097-101-21,DeepImmuno,top3mean,0.9962804333333333,-1.333333333333329,0,0
16097-101-22,DeepImmuno,max,0.9940015,19.33333333333333,1,1
16097-101-22,DeepImmuno,mean,0.7995522025862069,19.33333333333333,1,1
16097-101-22,DeepImmuno,top3mean,0.99287788,19.33333333333333,1,1
16097-101-24,DeepImmuno,max,0.99548334,93.0,1,1
16097-101-24,DeepImmuno,mean,0.8769575970999999,93.0,1,1
16097-101-24,DeepImmuno,top3mean,0.9943029466666667,93.0,1,1
16097-101-27,DeepImmuno,max,0.99582493,80.66666666666666,1,1
16097-101-27,DeepImmuno,mean,0.8169103016304348,80.66666666666666,1,1
16097-101-27,DeepImmuno,top3mean,0.99378186,80.66666666666666,1,1
16097-101-3,DeepImmuno,max,0.9900617,58.0,1,1
16097-101-3,DeepImmuno,mean,0.8019380282758621,58.0,1,1
16097-101-3,DeepImmuno,top3mean,0.9879243766666667,58.0,1,1
16097-101-4,DeepImmuno,max,0.9955277,31.66666666666666,1,1
16097-101-4,DeepImmuno,mean,0.7928512671000001,31.66666666666666,1,1
16097-101-4,DeepImmuno,top3mean,0.9909588333333333,31.66666666666666,1,1
16097-101-5,DeepImmuno,max,0.9872638,2.0,1,0
16097-101-5,DeepImmuno,mean,0.7832338194047618,2.0,1,0
16097-101-5,DeepImmuno,top3mean,0.9856861133333333,2.0,1,0
16097-101-8,DeepImmuno,max,0.9896058,50.33333333333334,1,1
16097-101-8,DeepImmuno,mean,0.7546714529999999,50.33333333333334,1,1
16097-101-8,DeepImmuno,top3mean,0.9864574,50.33333333333334,1,1
16097-102-02,DeepImmuno,max,0.9485825,-33.66666666666667,0,0
16097-102-02,DeepImmuno,mean,0.7153371255072465,-33.66666666666667,0,0
16097-102-02,DeepImmuno,top3mean,0.94503338,-33.66666666666667,0,0
16097-102-04,DeepImmuno,max,0.9839115,84.33333333333333,1,1
16097-102-04,DeepImmuno,mean,0.6880732427297298,84.33333333333333,1,1
16097-102-04,DeepImmuno,top3mean,0.9821993766666667,84.33333333333333,1,1
16097-102-09,DeepImmuno,max,0.9870979,3.0,1,0
16097-102-09,DeepImmuno,mean,0.7945236236231885,3.0,1,0
16097-102-09,DeepImmuno,top3mean,0.9831438166666665,3.0,1,0
16097-102-17,DeepImmuno,max,0.98076713,4.333333333333329,1,0
16097-102-17,DeepImmuno,mean,0.767061201372549,4.333333333333329,1,0
16097-102-17,DeepImmuno,top3mean,0.9737285566666666,4.333333333333329,1,0
16097-102-18,DeepImmuno,max,0.99252534,4.0,1,0
16097-102-18,DeepImmuno,mean,0.8343593703508773,4.0,1,0
16097-102-18,DeepImmuno,top3mean,0.9814610466666668,4.0,1,0
16097-102-24,DeepImmuno,max,0.9833201,22.66666666666666,1,1
16097-102-24,DeepImmuno,mean,0.8101598492753624,22.66666666666666,1,1
16097-102-24,DeepImmuno,top3mean,0.9802497833333333,22.66666666666666,1,1
16097-104-01,DeepImmuno,max,0.9979372,15.33333333333333,1,1
16097-104-01,DeepImmuno,mean,0.7562988410606061,15.33333333333333,1,1
16097-104-01,DeepImmuno,top3mean,0.9961414133333334,15.33333333333333,1,1
16097-104-03,DeepImmuno,max,0.9973992,20.33333333333333,1,1
16097-104-03,DeepImmuno,mean,0.7184202386956521,20.33333333333333,1,1
16097-104-03,DeepImmuno,top3mean,0.9921458733333335,20.33333333333333,1,1
16097-104-05,DeepImmuno,max,0.9874551,0.6666666666666666,1,0
16097-104-05,DeepImmuno,mean,0.7312653663492062,0.6666666666666666,1,0
16097-104-05,DeepImmuno,top3mean,0.9842155666666667,0.6666666666666666,1,0
16097-104-06,DeepImmuno,max,0.9970054,34.99999999999999,1,1
16097-104-06,DeepImmuno,mean,0.7368096664102565,34.99999999999999,1,1
16097-104-06,DeepImmuno,top3mean,0.9906719,34.99999999999999,1,1
16097-104-07,DeepImmuno,max,0.9946631,-8.0,0,0
16097-104-07,DeepImmuno,mean,0.7499287316666667,-8.0,0,0
16097-104-07,DeepImmuno,top3mean,0.9941794033333333,-8.0,0,0
16097-104-09,DeepImmuno,max,0.99630123,18.66666666666666,1,1
16097-104-09,DeepImmuno,mean,0.7696612562962964,18.66666666666666,1,1
16097-104-09,DeepImmuno,top3mean,0.9948831199999999,18.66666666666666,1,1
16097-104-11,DeepImmuno,max,0.998583,1.0,1,0
16097-104-11,DeepImmuno,mean,0.7754019692592593,1.0,1,0
16097-104-11,DeepImmuno,top3mean,0.9983335233333334,1.0,1,0
16097-104-12,DeepImmuno,max,0.9943095,-5.0,0,0
16097-104-12,DeepImmuno,mean,0.7426118038235294,-5.0,0,0
16097-104-12,DeepImmuno,top3mean,0.9940745,-5.0,0,0
16097-104-13,DeepImmuno,max,0.9856516,8.0,1,0
16097-104-13,DeepImmuno,mean,0.6590516399999999,8.0,1,0
16097-104-13,DeepImmuno,top3mean,0.9828154833333332,8.0,1,0
16097-104-14,DeepImmuno,max,0.9963583,9.0,1,0
16097-104-14,DeepImmuno,mean,0.7096597150000001,9.0,1,0
16097-104-14,DeepImmuno,top3mean,0.9908736166666667,9.0,1,0
16097-104-16,DeepImmuno,max,0.9906107,24.66666666666667,1,1
16097-104-16,DeepImmuno,mean,0.7556432051282053,24.66666666666667,1,1
16097-104-16,DeepImmuno,top3mean,0.99025832,24.66666666666667,1,1
16097-104-17,DeepImmuno,max,0.9973666,15.33333333333333,1,1
16097-104-17,DeepImmuno,mean,0.7405095323232322,15.33333333333333,1,1
16097-104-17,DeepImmuno,top3mean,0.9967320533333334,15.33333333333333,1,1
16097-104-19,DeepImmuno,max,0.9971366,60.66666666666666,1,1
16097-104-19,DeepImmuno,mean,0.7755345721428571,60.66666666666666,1,1
16097-104-19,DeepImmuno,top3mean,0.9962998833333333,60.66666666666666,1,1
16097-104-24,DeepImmuno,max,0.9964243,49.66666666666666,1,1
16097-104-24,DeepImmuno,mean,0.7955280378395061,49.66666666666666,1,1
16097-104-24,DeepImmuno,top3mean,0.9944674133333334,49.66666666666666,1,1
16097-105-01,DeepImmuno,max,0.8899853,6.333333333333334,1,0
16097-105-01,DeepImmuno,mean,0.5626647433333333,6.333333333333334,1,0
16097-105-01,DeepImmuno,top3mean,0.8639320833333333,6.333333333333334,1,0
16097-105-02,DeepImmuno,max,0.9848981,8.333333333333334,1,0
16097-105-02,DeepImmuno,mean,0.5963620797530864,8.333333333333334,1,0
16097-105-02,DeepImmuno,top3mean,0.9732908,8.333333333333334,1,0
16097-105-03,DeepImmuno,max,0.9816263,12.33333333333333,1,1
16097-105-03,DeepImmuno,mean,0.67573426942029,12.33333333333333,1,1
16097-105-03,DeepImmuno,top3mean,0.98079531,12.33333333333333,1,1
16097-105-06,DeepImmuno,max,0.98586917,1.333333333333333,1,0
16097-105-06,DeepImmuno,mean,0.7160316146666668,1.333333333333333,1,0
16097-105-06,DeepImmuno,top3mean,0.9831303466666667,1.333333333333333,1,0
16097-105-08,DeepImmuno,max,0.95748794,209.0,1,1
16097-105-08,DeepImmuno,mean,0.6594046532520326,209.0,1,1
16097-105-08,DeepImmuno,top3mean,0.9543856466666667,209.0,1,1
16097-105-09,DeepImmuno,max,0.95785475,15.0,1,1
16097-105-09,DeepImmuno,mean,0.7014175476923075,15.0,1,1
16097-105-09,DeepImmuno,top3mean,0.9501336666666668,15.0,1,1
16097-105-10,DeepImmuno,max,0.96416056,88.33333333333334,1,1
16097-105-10,DeepImmuno,mean,0.6761835430864198,88.33333333333334,1,1
16097-105-10,DeepImmuno,top3mean,0.9568958866666666,88.33333333333334,1,1
16097-105-11,DeepImmuno,max,0.9911972,127.3333333333333,1,1
16097-105-11,DeepImmuno,mean,0.7035459358024692,127.3333333333333,1,1
16097-105-11,DeepImmuno,top3mean,0.9903979666666668,127.3333333333333,1,1
16097-105-12,DeepImmuno,max,0.9352869,115.3333333333333,1,1
16097-105-12,DeepImmuno,mean,0.6490855468627451,115.3333333333333,1,1
16097-105-12,DeepImmuno,top3mean,0.9225728166666666,115.3333333333333,1,1
16097-105-13,DeepImmuno,max,0.9668919,187.0,1,1
16097-105-13,DeepImmuno,mean,0.6603035404938272,187.0,1,1
16097-105-13,DeepImmuno,top3mean,0.9603200466666667,187.0,1,1
16097-105-16,DeepImmuno,max,0.97588897,161.3333333333333,1,1
16097-105-16,DeepImmuno,mean,0.6777820571544716,161.3333333333333,1,1
16097-105-16,DeepImmuno,top3mean,0.9748206899999999,161.3333333333333,1,1
16097-105-17,DeepImmuno,max,0.90109813,116.0,1,1
16097-105-17,DeepImmuno,mean,0.5886385464444444,116.0,1,1
16097-105-17,DeepImmuno,top3mean,0.8886793300000001,116.0,1,1
16097-105-18,DeepImmuno,max,0.9348918,103.0,1,1
16097-105-18,DeepImmuno,mean,0.5983914323529412,103.0,1,1
16097-105-18,DeepImmuno,top3mean,0.91691068,103.0,1,1
16097-105-19,DeepImmuno,max,0.99042034,62.99999999999999,1,1
16097-105-19,DeepImmuno,mean,0.6457086927450981,62.99999999999999,1,1
16097-105-19,DeepImmuno,top3mean,0.9799147633333334,62.99999999999999,1,1
16097-105-20,DeepImmuno,max,0.97500014,101.6666666666667,1,1
16097-105-20,DeepImmuno,mean,0.6721875021621624,101.6666666666667,1,1
16097-105-20,DeepImmuno,top3mean,0.9691256933333334,101.6666666666667,1,1
16097-105-23,DeepImmuno,max,0.96929634,-0.666666666666667,0,0
16097-105-23,DeepImmuno,mean,0.6331983123529411,-0.666666666666667,0,0
16097-105-23,DeepImmuno,top3mean,0.9605181266666666,-0.666666666666667,0,0
16097-106-01,DeepImmuno,max,0.980734,14.33333333333333,1,1
16097-106-01,DeepImmuno,mean,0.7901479407692308,14.33333333333333,1,1
16097-106-01,DeepImmuno,top3mean,0.9760638466666668,14.33333333333333,1,1
16097-106-04,DeepImmuno,max,0.9640416,73.33333333333333,1,1
16097-106-04,DeepImmuno,mean,0.7849232044,73.33333333333333,1,1
16097-106-04,DeepImmuno,top3mean,0.9567742233333334,73.33333333333333,1,1
16097-106-06,DeepImmuno,max,0.9858787,50.66666666666667,1,1
16097-106-06,DeepImmuno,mean,0.7075620442051281,50.66666666666667,1,1
16097-106-06,DeepImmuno,top3mean,0.9779862166666667,50.66666666666667,1,1
16097-106-07,DeepImmuno,max,0.9830275,65.33333333333333,1,1
16097-106-07,DeepImmuno,mean,0.7616744348148148,65.33333333333333,1,1
16097-106-07,DeepImmuno,top3mean,0.97105835,65.33333333333333,1,1
16097-106-09,DeepImmuno,max,0.9633956,40.0,1,1
16097-106-09,DeepImmuno,mean,0.7146917717142857,40.0,1,1
16097-106-09,DeepImmuno,top3mean,0.95878652,40.0,1,1
16097-106-12,DeepImmuno,max,0.9502324,7.666666666666668,1,0
16097-106-12,DeepImmuno,mean,0.710646683529412,7.666666666666668,1,0
16097-106-12,DeepImmuno,top3mean,0.9451677666666667,7.666666666666668,1,0
16097-106-13,DeepImmuno,max,0.96028006,121.0,1,1
16097-106-13,DeepImmuno,mean,0.7427224245161289,121.0,1,1
16097-106-13,DeepImmuno,top3mean,0.9553318033333333,121.0,1,1
16097-106-14,DeepImmuno,max,0.9894066,-7.333333333333336,0,0
16097-106-14,DeepImmuno,mean,0.8297069289565216,-7.333333333333336,0,0
16097-106-14,DeepImmuno,top3mean,0.98658228,-7.333333333333336,0,0
16097-106-16,DeepImmuno,max,0.98135316,57.33333333333334,1,1
16097-106-16,DeepImmuno,mean,0.7511689069230769,57.33333333333334,1,1
16097-106-16,DeepImmuno,top3mean,0.9803236866666666,57.33333333333334,1,1
16097-106-19,DeepImmuno,max,0.9894017,1.666666666666664,1,0
16097-106-19,DeepImmuno,mean,0.7371751737599999,1.666666666666664,1,0
16097-106-19,DeepImmuno,top3mean,0.9882821666666667,1.666666666666664,1,0
16097-106-20,DeepImmuno,max,0.996332,79.33333333333333,1,1
16097-106-20,DeepImmuno,mean,0.8182690826206896,79.33333333333333,1,1
16097-106-20,DeepImmuno,top3mean,0.9922726333333335,79.33333333333333,1,1
16097-106-21,DeepImmuno,max,0.99105185,-2.0,0,0
16097-106-21,DeepImmuno,mean,0.7551549505517242,-2.0,0,0
16097-106-21,DeepImmuno,top3mean,0.98126375,-2.0,0,0
16097-106-23,DeepImmuno,max,0.965411,107.0,1,1
16097-106-23,DeepImmuno,mean,0.7250351355199999,107.0,1,1
16097-106-23,DeepImmuno,top3mean,0.9613226466666666,107.0,1,1
16097-107-03,DeepImmuno,max,0.9992292,89.0,1,1
16097-107-03,DeepImmuno,mean,0.6589450806000001,89.0,1,1
16097-107-03,DeepImmuno,top3mean,0.9986780333333334,89.0,1,1
16097-107-06,DeepImmuno,max,0.99660265,-0.6666666666666666,0,0
16097-107-06,DeepImmuno,mean,0.6758250086842106,-0.6666666666666666,0,0
16097-107-06,DeepImmuno,top3mean,0.9943769333333332,-0.6666666666666666,0,0
16097-107-07,DeepImmuno,max,0.9990533,43.66666666666666,1,1
16097-107-07,DeepImmuno,mean,0.7005295758,43.66666666666666,1,1
16097-107-07,DeepImmuno,top3mean,0.9984449666666667,43.66666666666666,1,1
16097-107-08,DeepImmuno,max,0.99304056,28.33333333333333,1,1
16097-107-08,DeepImmuno,mean,0.5964201011388888,28.33333333333333,1,1
16097-107-08,DeepImmuno,top3mean,0.9911739033333333,28.33333333333333,1,1
16097-107-10,DeepImmuno,max,0.9911667,83.33333333333333,1,1
16097-107-10,DeepImmuno,mean,0.5614862619047617,83.33333333333333,1,1
16097-107-10,DeepImmuno,top3mean,0.9856724199999999,83.33333333333333,1,1
16097-107-12,DeepImmuno,max,0.9957484,17.33333333333334,1,1
16097-107-12,DeepImmuno,mean,0.6495240637121211,17.33333333333334,1,1
16097-107-12,DeepImmuno,top3mean,0.9942566233333333,17.33333333333334,1,1
16097-107-18,DeepImmuno,max,0.9942993,6.333333333333333,1,0
16097-107-18,DeepImmuno,mean,0.656807577037037,6.333333333333333,1,0
16097-107-18,DeepImmuno,top3mean,0.9933965666666666,6.333333333333333,1,0
16097-107-24,DeepImmuno,max,0.99311316,1.333333333333333,1,0
16097-107-24,DeepImmuno,mean,0.661883882,1.333333333333333,1,0
16097-107-24,DeepImmuno,top3mean,0.9917861833333333,1.333333333333333,1,0
16097-108-01,DeepImmuno,max,0.9636215,1.666666666666667,1,0
16097-108-01,DeepImmuno,mean,0.8092513247826086,1.666666666666667,1,0
16097-108-01,DeepImmuno,top3mean,0.9627238133333332,1.666666666666667,1,0
16097-108-02,DeepImmuno,max,0.9636215,1.666666666666667,1,0
16097-108-02,DeepImmuno,mean,0.7999365773333333,1.666666666666667,1,0
16097-108-02,DeepImmuno,top3mean,0.9627238133333332,1.666666666666667,1,0
16097-108-05,DeepImmuno,max,0.95640194,8.0,1,0
16097-108-05,DeepImmuno,mean,0.7542906711999998,8.0,1,0
16097-108-05,DeepImmuno,top3mean,0.9481775133333333,8.0,1,0
16097-108-07,DeepImmuno,max,0.9473335,48.66666666666666,1,1
16097-108-07,DeepImmuno,mean,0.7223279882666667,48.66666666666666,1,1
16097-108-07,DeepImmuno,top3mean,0.9440655800000001,48.66666666666666,1,1
16097-108-08,DeepImmuno,max,0.9631457,19.33333333333333,1,1
16097-108-08,DeepImmuno,mean,0.8122080331182795,19.33333333333333,1,1
16097-108-08,DeepImmuno,top3mean,0.9596175333333333,19.33333333333333,1,1
16097-108-09,DeepImmuno,max,0.9050124,1.333333333333333,1,0
16097-108-09,DeepImmuno,mean,0.7378940231999999,1.333333333333333,1,0
16097-108-09,DeepImmuno,top3mean,0.9038479133333334,1.333333333333333,1,0
16097-108-10,DeepImmuno,max,0.9279934,0.6666666666666667,1,0
16097-108-10,DeepImmuno,mean,0.6880717368115941,0.6666666666666667,1,0
16097-108-10,DeepImmuno,top3mean,0.9154771466666666,0.6666666666666667,1,0
16097-108-13,DeepImmuno,max,0.9767382,6.0,1,0
16097-108-13,DeepImmuno,mean,0.8451118728,6.0,1,0
16097-108-13,DeepImmuno,top3mean,0.9754344533333335,6.0,1,0
16097-108-14,DeepImmuno,max,0.987595,52.0,1,1
16097-108-14,DeepImmuno,mean,0.7772977147999999,52.0,1,1
16097-108-14,DeepImmuno,top3mean,0.9840916333333333,52.0,1,1
16097-108-19,DeepImmuno,max,0.98470163,27.66666666666666,1,1
16097-108-19,DeepImmuno,mean,0.7766411936507936,27.66666666666666,1,1
16097-108-19,DeepImmuno,top3mean,0.9827156533333333,27.66666666666666,1,1
16097-108-20,DeepImmuno,max,0.94535506,23.0,1,1
16097-108-20,DeepImmuno,mean,0.7666260014285714,23.0,1,1
16097-108-20,DeepImmuno,top3mean,0.9444429900000001,23.0,1,1
16097-108-23,DeepImmuno,max,0.9749507,31.0,1,1
16097-108-23,DeepImmuno,mean,0.7857120535632186,31.0,1,1
16097-108-23,DeepImmuno,top3mean,0.9741642466666667,31.0,1,1
16097-109-01,DeepImmuno,max,0.9974114,20.0,1,1
16097-109-01,DeepImmuno,mean,0.7533279571200001,20.0,1,1
16097-109-01,DeepImmuno,top3mean,0.9970676333333333,20.0,1,1
16097-109-02,DeepImmuno,max,0.9974114,2.666666666666667,1,0
16097-109-02,DeepImmuno,mean,0.7730677490399999,2.666666666666667,1,0
16097-109-02,DeepImmuno,top3mean,0.9970676333333333,2.666666666666667,1,0
16097-109-03,DeepImmuno,max,0.9974114,1.0,1,0
16097-109-03,DeepImmuno,mean,0.7664396181290322,1.0,1,0
16097-109-03,DeepImmuno,top3mean,0.9970676333333333,1.0,1,0
16097-109-06,DeepImmuno,max,0.99301577,105.0,1,1
16097-109-06,DeepImmuno,mean,0.6927880013548388,105.0,1,1
16097-109-06,DeepImmuno,top3mean,0.9924284233333333,105.0,1,1
16097-109-07,DeepImmuno,max,0.9865986,11.66666666666667,1,1
16097-109-07,DeepImmuno,mean,0.6352660203809524,11.66666666666667,1,1
16097-109-07,DeepImmuno,top3mean,0.9847125,11.66666666666667,1,1
16097-109-09,DeepImmuno,max,0.9964869,24.66666666666667,1,1
16097-109-09,DeepImmuno,mean,0.7227864495999999,24.66666666666667,1,1
16097-109-09,DeepImmuno,top3mean,0.9906988333333332,24.66666666666667,1,1
16097-109-15,DeepImmuno,max,0.98985684,11.0,1,1
16097-109-15,DeepImmuno,mean,0.6325091759999999,11.0,1,1
16097-109-15,DeepImmuno,top3mean,0.9885704799999999,11.0,1,1
16097-109-16,DeepImmuno,max,0.9984699,25.0,1,1
16097-109-16,DeepImmuno,mean,0.6778940286451614,25.0,1,1
16097-109-16,DeepImmuno,top3mean,0.9976302600000001,25.0,1,1
16097-109-23,DeepImmuno,max,0.99704176,5.0,1,0
16097-109-23,DeepImmuno,mean,0.6726601251199998,5.0,1,0
16097-109-23,DeepImmuno,top3mean,0.9963322,5.0,1,0
16097-109-24,DeepImmuno,max,0.9964032,46.66666666666666,1,1
16097-109-24,DeepImmuno,mean,0.7331826684,46.66666666666666,1,1
16097-109-24,DeepImmuno,top3mean,0.9959707,46.66666666666666,1,1
16097-110-01,DeepImmuno,max,0.96722066,81.33333333333334,1,1
16097-110-01,DeepImmuno,mean,0.6224319936206897,81.33333333333334,1,1
16097-110-01,DeepImmuno,top3mean,0.9542696866666667,81.33333333333334,1,1
16097-110-03,DeepImmuno,max,0.94113445,55.99999999999999,1,1
16097-110-03,DeepImmuno,mean,0.6278579115432099,55.99999999999999,1,1
16097-110-03,DeepImmuno,top3mean,0.9317152633333333,55.99999999999999,1,1
16097-110-04,DeepImmuno,max,0.94113445,-3.0,0,0
16097-110-04,DeepImmuno,mean,0.6237440496031745,-3.0,0,0
16097-110-04,DeepImmuno,top3mean,0.9313487966666666,-3.0,0,0
16097-110-08,DeepImmuno,max,0.97924614,148.6666666666667,1,1
16097-110-08,DeepImmuno,mean,0.6597849833333334,148.6666666666667,1,1
16097-110-08,DeepImmuno,top3mean,0.9693855633333333,148.6666666666667,1,1
16097-110-09,DeepImmuno,max,0.9796646,25.33333333333333,1,1
16097-110-09,DeepImmuno,mean,0.6266812671264368,25.33333333333333,1,1
16097-110-09,DeepImmuno,top3mean,0.9764673466666668,25.33333333333333,1,1
16097-110-10,DeepImmuno,max,0.97873455,135.6666666666667,1,1
16097-110-10,DeepImmuno,mean,0.7006835004597702,135.6666666666667,1,1
16097-110-10,DeepImmuno,top3mean,0.9754450499999999,135.6666666666667,1,1
16097-110-12,DeepImmuno,max,0.98193717,2.333333333333334,1,0
16097-110-12,DeepImmuno,mean,0.6638730031481481,2.333333333333334,1,0
16097-110-12,DeepImmuno,top3mean,0.9809999266666667,2.333333333333334,1,0
16097-110-13,DeepImmuno,max,0.98172975,0.0,0,0
16097-110-13,DeepImmuno,mean,0.678216202183908,0.0,0,0
16097-110-13,DeepImmuno,top3mean,0.9686272933333333,0.0,0,0
16097-110-14,DeepImmuno,max,0.9789835,110.6666666666667,1,1
16097-110-14,DeepImmuno,mean,0.6572975090804597,110.6666666666667,1,1
16097-110-14,DeepImmuno,top3mean,0.96907003,110.6666666666667,1,1
16097-110-15,DeepImmuno,max,0.99116814,138.6666666666667,1,1
16097-110-15,DeepImmuno,mean,0.700391165,138.6666666666667,1,1
16097-110-15,DeepImmuno,top3mean,0.9880317433333333,138.6666666666667,1,1
16097-110-16,DeepImmuno,max,0.9547583,85.66666666666666,1,1
16097-110-16,DeepImmuno,mean,0.6727194755172413,85.66666666666666,1,1
16097-110-16,DeepImmuno,top3mean,0.94892705,85.66666666666666,1,1
16097-110-21,DeepImmuno,max,0.97984314,-12.33333333333334,0,0
16097-110-21,DeepImmuno,mean,0.6514790194482759,-12.33333333333334,0,0
16097-110-21,DeepImmuno,top3mean,0.9758885466666666,-12.33333333333334,0,0
16097-110-23,DeepImmuno,max,0.9803748,6.333333333333334,1,0
16097-110-23,DeepImmuno,mean,0.6650137553448277,6.333333333333334,1,0
16097-110-23,DeepImmuno,top3mean,0.9774514566666667,6.333333333333334,1,0
16097-101-10,PredIG,max,0.9940626,110.0,1,1
16097-101-10,PredIG,mean,0.32530866772265304,110.0,1,1
16097-101-10,PredIG,top3mean,0.9875351800000001,110.0,1,1
16097-101-21,PredIG,max,0.32884744,-1.333333333333329,0,0
16097-101-21,PredIG,mean,0.02261075192205,-1.333333333333329,0,0
16097-101-21,PredIG,top3mean,0.23324002333333335,-1.333333333333329,0,0
16097-101-22,PredIG,max,0.8985308,19.33333333333333,1,1
16097-101-22,PredIG,mean,0.04705239136363187,19.33333333333333,1,1
16097-101-22,PredIG,top3mean,0.7554515666666667,19.33333333333333,1,1
16097-101-24,PredIG,max,0.98336077,93.0,1,1
16097-101-24,PredIG,mean,0.207115480628013,93.0,1,1
16097-101-24,PredIG,top3mean,0.9811633233333333,93.0,1,1
16097-101-27,PredIG,max,0.5792129,80.66666666666666,1,1
16097-101-27,PredIG,mean,0.038739279567117854,80.66666666666666,1,1
16097-101-27,PredIG,top3mean,0.5158496133333333,80.66666666666666,1,1
16097-101-3,PredIG,max,0.66065675,58.0,1,1
16097-101-3,PredIG,mean,0.03294289304110439,58.0,1,1
16097-101-3,PredIG,top3mean,0.5107798566666667,58.0,1,1
16097-101-4,PredIG,max,0.66065675,31.66666666666666,1,1
16097-101-4,PredIG,mean,0.016167246374077925,31.66666666666666,1,1
16097-101-4,PredIG,top3mean,0.31735518,31.66666666666666,1,1
16097-101-5,PredIG,max,0.66065675,2.0,1,0
16097-101-5,PredIG,mean,0.01600118621524603,2.0,1,0
16097-101-5,PredIG,top3mean,0.31735518,2.0,1,0
16097-101-8,PredIG,max,0.96262234,50.33333333333334,1,1
16097-101-8,PredIG,mean,0.14435601882583443,50.33333333333334,1,1
16097-101-8,PredIG,top3mean,0.9463246333333334,50.33333333333334,1,1
16097-102-02,PredIG,max,0.7019883,-33.66666666666667,0,0
16097-102-02,PredIG,mean,0.02822615265497143,-33.66666666666667,0,0
16097-102-02,PredIG,top3mean,0.6001814666666667,-33.66666666666667,0,0
16097-102-04,PredIG,max,0.96597713,84.33333333333333,1,1
16097-102-04,PredIG,mean,0.21851716846932775,84.33333333333333,1,1
16097-102-04,PredIG,top3mean,0.9576917766666666,84.33333333333333,1,1
16097-102-09,PredIG,max,0.4677665,3.0,1,0
16097-102-09,PredIG,mean,0.024906630363419044,3.0,1,0
16097-102-09,PredIG,top3mean,0.37696039666666664,3.0,1,0
16097-102-17,PredIG,max,0.10221127,4.333333333333329,1,0
16097-102-17,PredIG,mean,0.009564908423591837,4.333333333333329,1,0
16097-102-17,PredIG,top3mean,0.09845088333333334,4.333333333333329,1,0
16097-102-18,PredIG,max,0.041400023,4.0,1,0
16097-102-18,PredIG,mean,0.0061794512365833335,4.0,1,0
16097-102-18,PredIG,top3mean,0.041400023,4.0,1,0
16097-102-24,PredIG,max,0.073354885,22.66666666666666,1,1
16097-102-24,PredIG,mean,0.006197805673671428,22.66666666666666,1,1
16097-102-24,PredIG,top3mean,0.073354885,22.66666666666666,1,1
16097-104-01,PredIG,max,0.880952,15.33333333333333,1,1
16097-104-01,PredIG,mean,0.07111901137941269,15.33333333333333,1,1
16097-104-01,PredIG,top3mean,0.7450015333333333,15.33333333333333,1,1
16097-104-03,PredIG,max,0.94375587,20.33333333333333,1,1
16097-104-03,PredIG,mean,0.12866577635304285,20.33333333333333,1,1
16097-104-03,PredIG,top3mean,0.93462639,20.33333333333333,1,1
16097-104-05,PredIG,max,0.9716807,0.6666666666666666,1,0
16097-104-05,PredIG,mean,0.0940104894114709,0.6666666666666666,1,0
16097-104-05,PredIG,top3mean,0.9509390866666666,0.6666666666666666,1,0
16097-104-06,PredIG,max,0.4756939,34.99999999999999,1,1
16097-104-06,PredIG,mean,0.03267107083850477,34.99999999999999,1,1
16097-104-06,PredIG,top3mean,0.45453108,34.99999999999999,1,1
16097-104-07,PredIG,max,0.9838086,-8.0,0,0
16097-104-07,PredIG,mean,0.1764792505029304,-8.0,0,0
16097-104-07,PredIG,top3mean,0.9826443133333335,-8.0,0,0
16097-104-09,PredIG,max,0.99350536,18.66666666666666,1,1
16097-104-09,PredIG,mean,0.3144276385733512,18.66666666666666,1,1
16097-104-09,PredIG,top3mean,0.9907813533333333,18.66666666666666,1,1
16097-104-11,PredIG,max,0.9800133,1.0,1,0
16097-104-11,PredIG,mean,0.07759631927825793,1.0,1,0
16097-104-11,PredIG,top3mean,0.9640089333333334,1.0,1,0
16097-104-12,PredIG,max,0.74888295,-5.0,0,0
16097-104-12,PredIG,mean,0.08883888817885714,-5.0,0,0
16097-104-12,PredIG,top3mean,0.7453927166666666,-5.0,0,0
16097-104-13,PredIG,max,0.7926591,8.0,1,0
16097-104-13,PredIG,mean,0.0825380946768307,8.0,1,0
16097-104-13,PredIG,top3mean,0.7697249666666667,8.0,1,0
16097-104-14,PredIG,max,0.48732182,9.0,1,0
16097-104-14,PredIG,mean,0.04460673217952381,9.0,1,0
16097-104-14,PredIG,top3mean,0.46469119,9.0,1,0
16097-104-16,PredIG,max,0.5605137,24.66666666666667,1,1
16097-104-16,PredIG,mean,0.06546957060714287,24.66666666666667,1,1
16097-104-16,PredIG,top3mean,0.4710500933333333,24.66666666666667,1,1
16097-104-17,PredIG,max,0.98463446,15.33333333333333,1,1
16097-104-17,PredIG,mean,0.1986967642215397,15.33333333333333,1,1
16097-104-17,PredIG,top3mean,0.9801678533333334,15.33333333333333,1,1
16097-104-19,PredIG,max,0.99884343,60.66666666666666,1,1
16097-104-19,PredIG,mean,0.3492752774368783,60.66666666666666,1,1
16097-104-19,PredIG,top3mean,0.9962837499999999,60.66666666666666,1,1
16097-104-24,PredIG,max,0.98544425,49.66666666666666,1,1
16097-104-24,PredIG,mean,0.10453595661623412,49.66666666666666,1,1
16097-104-24,PredIG,top3mean,0.97845,49.66666666666666,1,1
16097-105-01,PredIG,max,0.6538006,6.333333333333334,1,0
16097-105-01,PredIG,mean,0.05460956617610885,6.333333333333334,1,0
16097-105-01,PredIG,top3mean,0.48398023333333334,6.333333333333334,1,0
16097-105-02,PredIG,max,0.9967024,8.333333333333334,1,0
16097-105-02,PredIG,mean,0.12238332107697618,8.333333333333334,1,0
16097-105-02,PredIG,top3mean,0.9834686233333333,8.333333333333334,1,0
16097-105-03,PredIG,max,0.64105695,12.33333333333333,1,1
16097-105-03,PredIG,mean,0.04385701997147143,12.33333333333333,1,1
16097-105-03,PredIG,top3mean,0.5113095533333333,12.33333333333333,1,1
16097-105-06,PredIG,max,0.2063961,1.333333333333333,1,0
16097-105-06,PredIG,mean,0.00834603338411905,1.333333333333333,1,0
16097-105-06,PredIG,top3mean,0.14264378333333336,1.333333333333333,1,0
16097-105-08,PredIG,max,0.9891354,209.0,1,1
16097-105-08,PredIG,mean,0.2996289644924637,209.0,1,1
16097-105-08,PredIG,top3mean,0.9875387666666667,209.0,1,1
16097-105-09,PredIG,max,0.47703463,15.0,1,1
16097-105-09,PredIG,mean,0.06717331353191429,15.0,1,1
16097-105-09,PredIG,top3mean,0.4133289266666667,15.0,1,1
16097-105-10,PredIG,max,0.9610192,88.33333333333334,1,1
16097-105-10,PredIG,mean,0.10892879410624205,88.33333333333334,1,1
16097-105-10,PredIG,top3mean,0.9304987733333333,88.33333333333334,1,1
16097-105-11,PredIG,max,0.6942908,127.3333333333333,1,1
16097-105-11,PredIG,mean,0.06575624797014286,127.3333333333333,1,1
16097-105-11,PredIG,top3mean,0.5675736333333333,127.3333333333333,1,1
16097-105-12,PredIG,max,0.34718844,115.3333333333333,1,1
16097-105-12,PredIG,mean,0.06329422186504763,115.3333333333333,1,1
16097-105-12,PredIG,top3mean,0.29128607999999995,115.3333333333333,1,1
16097-105-13,PredIG,max,0.95303583,187.0,1,1
16097-105-13,PredIG,mean,0.15419322441345237,187.0,1,1
16097-105-13,PredIG,top3mean,0.9468189433333333,187.0,1,1
16097-105-16,PredIG,max,0.96316713,161.3333333333333,1,1
16097-105-16,PredIG,mean,0.12314581148500751,161.3333333333333,1,1
16097-105-16,PredIG,top3mean,0.90218313,161.3333333333333,1,1
16097-105-17,PredIG,max,0.9561184,116.0,1,1
16097-105-17,PredIG,mean,0.17989694789444446,116.0,1,1
16097-105-17,PredIG,top3mean,0.8488917233333334,116.0,1,1
16097-105-18,PredIG,max,0.6046127,103.0,1,1
16097-105-18,PredIG,mean,0.0936921485122449,103.0,1,1
16097-105-18,PredIG,top3mean,0.49855221999999993,103.0,1,1
16097-105-19,PredIG,max,0.8658463,62.99999999999999,1,1
16097-105-19,PredIG,mean,0.08029367523696598,62.99999999999999,1,1
16097-105-19,PredIG,top3mean,0.7480201766666666,62.99999999999999,1,1
16097-105-20,PredIG,max,0.45173413,101.6666666666667,1,1
16097-105-20,PredIG,mean,0.03257473717684594,101.6666666666667,1,1
16097-105-20,PredIG,top3mean,0.42339508,101.6666666666667,1,1
16097-105-23,PredIG,max,0.57803625,-0.666666666666667,0,0
16097-105-23,PredIG,mean,0.04162661614714286,-0.666666666666667,0,0
16097-105-23,PredIG,top3mean,0.37831823000000003,-0.666666666666667,0,0
16097-106-01,PredIG,max,0.89254546,14.33333333333333,1,1
16097-106-01,PredIG,mean,0.08734143833288573,14.33333333333333,1,1
16097-106-01,PredIG,top3mean,0.8591648533333333,14.33333333333333,1,1
16097-106-04,PredIG,max,0.7386808,73.33333333333333,1,1
16097-106-04,PredIG,mean,0.09253879770534762,73.33333333333333,1,1
16097-106-04,PredIG,top3mean,0.6801197433333334,73.33333333333333,1,1
16097-106-06,PredIG,max,0.9547119,50.66666666666667,1,1
16097-106-06,PredIG,mean,0.1986856078723365,50.66666666666667,1,1
16097-106-06,PredIG,top3mean,0.9381423099999999,50.66666666666667,1,1
16097-106-07,PredIG,max,0.9609139,65.33333333333333,1,1
16097-106-07,PredIG,mean,0.11903361362826191,65.33333333333333,1,1
16097-106-07,PredIG,top3mean,0.9442226533333334,65.33333333333333,1,1
16097-106-09,PredIG,max,0.9341296,40.0,1,1
16097-106-09,PredIG,mean,0.06626540515615872,40.0,1,1
16097-106-09,PredIG,top3mean,0.8570929166666666,40.0,1,1
16097-106-12,PredIG,max,0.9799533,7.666666666666668,1,0
16097-106-12,PredIG,mean,0.21322885045906942,7.666666666666668,1,0
16097-106-12,PredIG,top3mean,0.9771621466666667,7.666666666666668,1,0
16097-106-13,PredIG,max,0.997088,121.0,1,1
16097-106-13,PredIG,mean,0.1504422463644653,121.0,1,1
16097-106-13,PredIG,top3mean,0.99024561,121.0,1,1
16097-106-14,PredIG,max,0.4413467,-7.333333333333336,0,0
16097-106-14,PredIG,mean,0.035343797144042864,-7.333333333333336,0,0
16097-106-14,PredIG,top3mean,0.3566152266666667,-7.333333333333336,0,0
16097-106-16,PredIG,max,0.65072954,57.33333333333334,1,1
16097-106-16,PredIG,mean,0.0770171727374,57.33333333333334,1,1
16097-106-16,PredIG,top3mean,0.53883636,57.33333333333334,1,1
16097-106-19,PredIG,max,0.41670814,1.666666666666664,1,0
16097-106-19,PredIG,mean,0.0352517837132,1.666666666666664,1,0
16097-106-19,PredIG,top3mean,0.3741051066666667,1.666666666666664,1,0
16097-106-20,PredIG,max,0.8364989,79.33333333333333,1,1
16097-106-20,PredIG,mean,0.058287587571485715,79.33333333333333,1,1
16097-106-20,PredIG,top3mean,0.8180022333333333,79.33333333333333,1,1
16097-106-21,PredIG,max,0.94796664,-2.0,0,0
16097-106-21,PredIG,mean,0.10564328982839999,-2.0,0,0
16097-106-21,PredIG,top3mean,0.9121808566666667,-2.0,0,0
16097-106-23,PredIG,max,0.8997209,107.0,1,1
16097-106-23,PredIG,mean,0.09184245420662338,107.0,1,1
16097-106-23,PredIG,top3mean,0.8856438333333334,107.0,1,1
16097-107-03,PredIG,max,0.9273783,89.0,1,1
16097-107-03,PredIG,mean,0.14066280269749998,89.0,1,1
16097-107-03,PredIG,top3mean,0.9021128866666667,89.0,1,1
16097-107-06,PredIG,max,0.80864817,-0.6666666666666666,0,0
16097-107-06,PredIG,mean,0.03516792037084822,-0.6666666666666666,0,0
16097-107-06,PredIG,top3mean,0.7486835933333333,-0.6666666666666666,0,0
16097-107-07,PredIG,max,0.90521806,43.66666666666666,1,1
16097-107-07,PredIG,mean,0.17866622536061688,43.66666666666666,1,1
16097-107-07,PredIG,top3mean,0.8952481200000001,43.66666666666666,1,1
16097-107-08,PredIG,max,0.670702,28.33333333333333,1,1
16097-107-08,PredIG,mean,0.11735885784279762,28.33333333333333,1,1
16097-107-08,PredIG,top3mean,0.6621984,28.33333333333333,1,1
16097-107-10,PredIG,max,0.9369117,83.33333333333333,1,1
16097-107-10,PredIG,mean,0.15929044471805556,83.33333333333333,1,1
16097-107-10,PredIG,top3mean,0.9124730666666667,83.33333333333333,1,1
16097-107-12,PredIG,max,0.8987758,17.33333333333334,1,1
16097-107-12,PredIG,mean,0.20018271199695714,17.33333333333334,1,1
16097-107-12,PredIG,top3mean,0.8804666999999999,17.33333333333334,1,1
16097-107-18,PredIG,max,0.9514713,6.333333333333333,1,0
16097-107-18,PredIG,mean,0.07800572851219048,6.333333333333333,1,0
16097-107-18,PredIG,top3mean,0.9023390733333333,6.333333333333333,1,0
16097-107-24,PredIG,max,0.62385523,1.333333333333333,1,0
16097-107-24,PredIG,mean,0.04133078282541667,1.333333333333333,1,0
16097-107-24,PredIG,top3mean,0.5745582533333333,1.333333333333333,1,0
16097-108-01,PredIG,max,0.96193576,1.666666666666667,1,0
16097-108-01,PredIG,mean,0.17552559988285715,1.666666666666667,1,0
16097-108-01,PredIG,top3mean,0.9354180900000001,1.666666666666667,1,0
16097-108-02,PredIG,max,0.89094436,1.666666666666667,1,0
16097-108-02,PredIG,mean,0.1330738725380952,1.666666666666667,1,0
16097-108-02,PredIG,top3mean,0.8870455399999999,1.666666666666667,1,0
16097-108-05,PredIG,max,0.98010063,8.0,1,0
16097-108-05,PredIG,mean,0.14764819509917748,8.0,1,0
16097-108-05,PredIG,top3mean,0.93969383,8.0,1,0
16097-108-07,PredIG,max,0.9875951,48.66666666666666,1,1
16097-108-07,PredIG,mean,0.42844484587878795,48.66666666666666,1,1
16097-108-07,PredIG,top3mean,0.9838131433333334,48.66666666666666,1,1
16097-108-08,PredIG,max,0.94114786,19.33333333333333,1,1
16097-108-08,PredIG,mean,0.139736446755483,19.33333333333333,1,1
16097-108-08,PredIG,top3mean,0.9166593333333334,19.33333333333333,1,1
16097-108-09,PredIG,max,0.9150299,1.333333333333333,1,0
16097-108-09,PredIG,mean,0.2722812933858961,1.333333333333333,1,0
16097-108-09,PredIG,top3mean,0.8858929866666667,1.333333333333333,1,0
16097-108-10,PredIG,max,0.9845576,0.6666666666666667,1,0
16097-108-10,PredIG,mean,0.24408055071479046,0.6666666666666667,1,0
16097-108-10,PredIG,top3mean,0.9837277666666667,0.6666666666666667,1,0
16097-108-13,PredIG,max,0.82449174,6.0,1,0
16097-108-13,PredIG,mean,0.06753863678746753,6.0,1,0
16097-108-13,PredIG,top3mean,0.73143827,6.0,1,0
16097-108-14,PredIG,max,0.9742702,52.0,1,1
16097-108-14,PredIG,mean,0.19750313734519476,52.0,1,1
16097-108-14,PredIG,top3mean,0.9469513666666667,52.0,1,1
16097-108-19,PredIG,max,0.64462656,27.66666666666666,1,1
16097-108-19,PredIG,mean,0.09912506812513229,27.66666666666666,1,1
16097-108-19,PredIG,top3mean,0.5677743433333333,27.66666666666666,1,1
16097-108-20,PredIG,max,0.90195197,23.0,1,1
16097-108-20,PredIG,mean,0.08729738573190476,23.0,1,1
16097-108-20,PredIG,top3mean,0.8251069233333332,23.0,1,1
16097-108-23,PredIG,max,0.6901664,31.0,1,1
16097-108-23,PredIG,mean,0.07398358189163004,31.0,1,1
16097-108-23,PredIG,top3mean,0.6849956266666667,31.0,1,1
16097-109-01,PredIG,max,0.8602174,20.0,1,1
16097-109-01,PredIG,mean,0.09744823981527533,20.0,1,1
16097-109-01,PredIG,top3mean,0.8123690666666666,20.0,1,1
16097-109-02,PredIG,max,0.95211035,2.666666666666667,1,0
16097-109-02,PredIG,mean,0.1872673126116364,2.666666666666667,1,0
16097-109-02,PredIG,top3mean,0.93411658,2.666666666666667,1,0
16097-109-03,PredIG,max,0.9892374,1.0,1,0
16097-109-03,PredIG,mean,0.2535327892835918,1.0,1,0
16097-109-03,PredIG,top3mean,0.9831066133333334,1.0,1,0
16097-109-06,PredIG,max,0.9456963,105.0,1,1
16097-109-06,PredIG,mean,0.15345785612076732,105.0,1,1
16097-109-06,PredIG,top3mean,0.9429552966666668,105.0,1,1
16097-109-07,PredIG,max,0.88205653,11.66666666666667,1,1
16097-109-07,PredIG,mean,0.1236593668666984,11.66666666666667,1,1
16097-109-07,PredIG,top3mean,0.8301123566666666,11.66666666666667,1,1
16097-109-09,PredIG,max,0.9499849,24.66666666666667,1,1
16097-109-09,PredIG,mean,0.10663079586407793,24.66666666666667,1,1
16097-109-09,PredIG,top3mean,0.8711794666666667,24.66666666666667,1,1
16097-109-15,PredIG,max,0.28632563,11.0,1,1
16097-109-15,PredIG,mean,0.029439507906206346,11.0,1,1
16097-109-15,PredIG,top3mean,0.2425665233333333,11.0,1,1
16097-109-16,PredIG,max,0.3006695,25.0,1,1
16097-109-16,PredIG,mean,0.0369305836708,25.0,1,1
16097-109-16,PredIG,top3mean,0.3006695,25.0,1,1
16097-109-23,PredIG,max,0.9739977,5.0,1,0
16097-109-23,PredIG,mean,0.21155486067606494,5.0,1,0
16097-109-23,PredIG,top3mean,0.9699495533333332,5.0,1,0
16097-109-24,PredIG,max,0.76682264,46.66666666666666,1,1
16097-109-24,PredIG,mean,0.1136896592309091,46.66666666666666,1,1
16097-109-24,PredIG,top3mean,0.7347402766666667,46.66666666666666,1,1
16097-110-01,PredIG,max,0.9809738,81.33333333333334,1,1
16097-110-01,PredIG,mean,0.18501481197534067,81.33333333333334,1,1
16097-110-01,PredIG,top3mean,0.9767980166666667,81.33333333333334,1,1
16097-110-03,PredIG,max,0.6896166,55.99999999999999,1,1
16097-110-03,PredIG,mean,0.045295310589297616,55.99999999999999,1,1
16097-110-03,PredIG,top3mean,0.5684738266666667,55.99999999999999,1,1
16097-110-04,PredIG,max,0.6896166,-3.0,0,0
16097-110-04,PredIG,mean,0.0445867886659471,-3.0,0,0
16097-110-04,PredIG,top3mean,0.5204744666666666,-3.0,0,0
16097-110-08,PredIG,max,0.8502019,148.6666666666667,1,1
16097-110-08,PredIG,mean,0.0532306048567912,148.6666666666667,1,1
16097-110-08,PredIG,top3mean,0.7965816666666666,148.6666666666667,1,1
16097-110-09,PredIG,max,0.45987827,25.33333333333333,1,1
16097-110-09,PredIG,mean,0.06911779912012819,25.33333333333333,1,1
16097-110-09,PredIG,top3mean,0.44253755999999994,25.33333333333333,1,1
16097-110-10,PredIG,max,0.856827,135.6666666666667,1,1
16097-110-10,PredIG,mean,0.09309073200686814,135.6666666666667,1,1
16097-110-10,PredIG,top3mean,0.8428053000000001,135.6666666666667,1,1
16097-110-12,PredIG,max,0.48535618,2.333333333333334,1,0
16097-110-12,PredIG,mean,0.057242061579464286,2.333333333333334,1,0
16097-110-12,PredIG,top3mean,0.4414053466666667,2.333333333333334,1,0
16097-110-13,PredIG,max,0.8579672,0.0,0,0
16097-110-13,PredIG,mean,0.03907937921665825,0.0,0,0
16097-110-13,PredIG,top3mean,0.8452698,0.0,0,0
16097-110-14,PredIG,max,0.69358796,110.6666666666667,1,1
16097-110-14,PredIG,mean,0.06367671607368681,110.6666666666667,1,1
16097-110-14,PredIG,top3mean,0.6686110033333333,110.6666666666667,1,1
16097-110-15,PredIG,max,0.9328626,138.6666666666667,1,1
16097-110-15,PredIG,mean,0.11378821834364561,138.6666666666667,1,1
16097-110-15,PredIG,top3mean,0.8701317666666667,138.6666666666667,1,1
16097-110-16,PredIG,max,0.9241534,85.66666666666666,1,1
16097-110-16,PredIG,mean,0.09143356438106227,85.66666666666666,1,1
16097-110-16,PredIG,top3mean,0.8988437333333333,85.66666666666666,1,1
16097-110-21,PredIG,max,0.3334312,-12.33333333333334,0,0
16097-110-21,PredIG,mean,0.018030481884507326,-12.33333333333334,0,0
16097-110-21,PredIG,top3mean,0.29079687666666665,-12.33333333333334,0,0
16097-110-23,PredIG,max,0.968401,6.333333333333334,1,0
16097-110-23,PredIG,mean,0.084574482988348,6.333333333333334,1,0
16097-110-23,PredIG,top3mean,0.9157598666666668,6.333333333333334,1,0
16097-101-10,IMPROVE,max,0.4881966827952026,110.0,1,1
16097-101-10,IMPROVE,mean,0.3861016614675432,110.0,1,1
16097-101-10,IMPROVE,top3mean,0.478714282673486,110.0,1,1
16097-101-21,IMPROVE,max,0.3971610135202505,-1.333333333333329,0,0
16097-101-21,IMPROVE,mean,0.363528101311406,-1.333333333333329,0,0
16097-101-21,IMPROVE,top3mean,0.3961088026186745,-1.333333333333329,0,0
16097-101-22,IMPROVE,max,0.4498931705193066,19.33333333333333,1,1
16097-101-22,IMPROVE,mean,0.34715237380119646,19.33333333333333,1,1
16097-101-22,IMPROVE,top3mean,0.41682406482564427,19.33333333333333,1,1
16097-101-24,IMPROVE,max,0.473782473563482,93.0,1,1
16097-101-24,IMPROVE,mean,0.3782875103440678,93.0,1,1
16097-101-24,IMPROVE,top3mean,0.4653491076994425,93.0,1,1
16097-101-27,IMPROVE,max,0.4889461756254558,80.66666666666666,1,1
16097-101-27,IMPROVE,mean,0.379211070271383,80.66666666666666,1,1
16097-101-27,IMPROVE,top3mean,0.47525133323347996,80.66666666666666,1,1
16097-101-3,IMPROVE,max,0.5750940484454603,58.0,1,1
16097-101-3,IMPROVE,mean,0.3817025570657003,58.0,1,1
16097-101-3,IMPROVE,top3mean,0.5284764049832239,58.0,1,1
16097-101-4,IMPROVE,max,0.5750940484454603,31.66666666666666,1,1
16097-101-4,IMPROVE,mean,0.36141558891748543,31.66666666666666,1,1
16097-101-4,IMPROVE,top3mean,0.4820216437087462,31.66666666666666,1,1
16097-101-5,IMPROVE,max,0.5750940484454603,2.0,1,0
16097-101-5,IMPROVE,mean,0.3607355850045413,2.0,1,0
16097-101-5,IMPROVE,top3mean,0.4820420694350416,2.0,1,0
16097-101-8,IMPROVE,max,0.5448990975366774,50.33333333333334,1,1
16097-101-8,IMPROVE,mean,0.3770483125833823,50.33333333333334,1,1
16097-101-8,IMPROVE,top3mean,0.5111467759649171,50.33333333333334,1,1
16097-102-02,IMPROVE,max,0.4356608544757784,-33.66666666666667,0,0
16097-102-02,IMPROVE,mean,0.3607424065851891,-33.66666666666667,0,0
16097-102-02,IMPROVE,top3mean,0.43197772628788034,-33.66666666666667,0,0
16097-102-04,IMPROVE,max,0.734840039708949,84.33333333333333,1,1
16097-102-04,IMPROVE,mean,0.48664587325275876,84.33333333333333,1,1
16097-102-04,IMPROVE,top3mean,0.717758501026835,84.33333333333333,1,1
16097-102-09,IMPROVE,max,0.5461627594319836,3.0,1,0
16097-102-09,IMPROVE,mean,0.36682104813676714,3.0,1,0
16097-102-09,IMPROVE,top3mean,0.4957306548470392,3.0,1,0
16097-102-17,IMPROVE,max,0.4897950899508408,4.333333333333329,1,0
16097-102-17,IMPROVE,mean,0.36134153832608695,4.333333333333329,1,0
16097-102-17,IMPROVE,top3mean,0.4372234101184645,4.333333333333329,1,0
16097-102-18,IMPROVE,max,0.4118569164679767,4.0,1,0
16097-102-18,IMPROVE,mean,0.34267436135205054,4.0,1,0
16097-102-18,IMPROVE,top3mean,0.3997929991064928,4.0,1,0
16097-102-24,IMPROVE,max,0.4904642344159938,22.66666666666666,1,1
16097-102-24,IMPROVE,mean,0.36041605012813505,22.66666666666666,1,1
16097-102-24,IMPROVE,top3mean,0.4479517245336198,22.66666666666666,1,1
16097-104-01,IMPROVE,max,0.5424273424652581,15.33333333333333,1,1
16097-104-01,IMPROVE,mean,0.3948733419225588,15.33333333333333,1,1
16097-104-01,IMPROVE,top3mean,0.5126143637269635,15.33333333333333,1,1
16097-104-03,IMPROVE,max,0.5843756924746958,20.33333333333333,1,1
16097-104-03,IMPROVE,mean,0.42459991354596927,20.33333333333333,1,1
16097-104-03,IMPROVE,top3mean,0.5783992239612612,20.33333333333333,1,1
16097-104-05,IMPROVE,max,0.4962981437179966,0.6666666666666666,1,0
16097-104-05,IMPROVE,mean,0.386547218661347,0.6666666666666666,1,0
16097-104-05,IMPROVE,top3mean,0.49629325083591924,0.6666666666666666,1,0
16097-104-06,IMPROVE,max,0.4823638616653317,34.99999999999999,1,1
16097-104-06,IMPROVE,mean,0.36423771801899874,34.99999999999999,1,1
16097-104-06,IMPROVE,top3mean,0.46789237611050005,34.99999999999999,1,1
16097-104-07,IMPROVE,max,0.4682967497306777,-8.0,0,0
16097-104-07,IMPROVE,mean,0.3517472814769894,-8.0,0,0
16097-104-07,IMPROVE,top3mean,0.43884730750937573,-8.0,0,0
16097-104-09,IMPROVE,max,0.588101815198036,18.66666666666666,1,1
16097-104-09,IMPROVE,mean,0.4285523378601623,18.66666666666666,1,1
16097-104-09,IMPROVE,top3mean,0.5800397375767088,18.66666666666666,1,1
16097-104-11,IMPROVE,max,0.5038206736477499,1.0,1,0
16097-104-11,IMPROVE,mean,0.39155670515456276,1.0,1,0
16097-104-11,IMPROVE,top3mean,0.48778398662275274,1.0,1,0
16097-104-12,IMPROVE,max,0.5783599206957277,-5.0,0,0
16097-104-12,IMPROVE,mean,0.4432843924075048,-5.0,0,0
16097-104-12,IMPROVE,top3mean,0.575851100954711,-5.0,0,0
16097-104-13,IMPROVE,max,0.4093939651395496,8.0,1,0
16097-104-13,IMPROVE,mean,0.3634425308608891,8.0,1,0
16097-104-13,IMPROVE,top3mean,0.40911218159100543,8.0,1,0
16097-104-14,IMPROVE,max,0.4334218126400284,9.0,1,0
16097-104-14,IMPROVE,mean,0.33560232058280387,9.0,1,0
16097-104-14,IMPROVE,top3mean,0.42650924320532585,9.0,1,0
16097-104-16,IMPROVE,max,0.4931737038820261,24.66666666666667,1,1
16097-104-16,IMPROVE,mean,0.370702518410017,24.66666666666667,1,1
16097-104-16,IMPROVE,top3mean,0.44549708438336727,24.66666666666667,1,1
16097-104-17,IMPROVE,max,0.5612395671681176,15.33333333333333,1,1
16097-104-17,IMPROVE,mean,0.37736187980785935,15.33333333333333,1,1
16097-104-17,IMPROVE,top3mean,0.5386610748363921,15.33333333333333,1,1
16097-104-19,IMPROVE,max,0.6537092845623632,60.66666666666666,1,1
16097-104-19,IMPROVE,mean,0.4772495316763758,60.66666666666666,1,1
16097-104-19,IMPROVE,top3mean,0.6491810115583215,60.66666666666666,1,1
16097-104-24,IMPROVE,max,0.472661567312825,49.66666666666666,1,1
16097-104-24,IMPROVE,mean,0.34427182384958904,49.66666666666666,1,1
16097-104-24,IMPROVE,top3mean,0.47122040104228974,49.66666666666666,1,1
16097-105-01,IMPROVE,max,0.4189189830908119,6.333333333333334,1,0
16097-105-01,IMPROVE,mean,0.34433017061636423,6.333333333333334,1,0
16097-105-01,IMPROVE,top3mean,0.41217716501303386,6.333333333333334,1,0
16097-105-02,IMPROVE,max,0.4520451963139905,8.333333333333334,1,0
16097-105-02,IMPROVE,mean,0.35967473537794503,8.333333333333334,1,0
16097-105-02,IMPROVE,top3mean,0.44418297120658884,8.333333333333334,1,0
16097-105-03,IMPROVE,max,0.483643462163713,12.33333333333333,1,1
16097-105-03,IMPROVE,mean,0.3589557268588657,12.33333333333333,1,1
16097-105-03,IMPROVE,top3mean,0.464425497442964,12.33333333333333,1,1
16097-105-06,IMPROVE,max,0.4704050953539456,1.333333333333333,1,0
16097-105-06,IMPROVE,mean,0.3630927371858636,1.333333333333333,1,0
16097-105-06,IMPROVE,top3mean,0.46257488607901,1.333333333333333,1,0
16097-105-08,IMPROVE,max,0.6644108505518881,209.0,1,1
16097-105-08,IMPROVE,mean,0.4678632201172515,209.0,1,1
16097-105-08,IMPROVE,top3mean,0.6332592493556902,209.0,1,1
16097-105-09,IMPROVE,max,0.5398170726479566,15.0,1,1
16097-105-09,IMPROVE,mean,0.3851626489971783,15.0,1,1
16097-105-09,IMPROVE,top3mean,0.519662301660844,15.0,1,1
16097-105-10,IMPROVE,max,0.5398170726479566,88.33333333333334,1,1
16097-105-10,IMPROVE,mean,0.39118800086178407,88.33333333333334,1,1
16097-105-10,IMPROVE,top3mean,0.519662301660844,88.33333333333334,1,1
16097-105-11,IMPROVE,max,0.6059394833691368,127.3333333333333,1,1
16097-105-11,IMPROVE,mean,0.3684490298626595,127.3333333333333,1,1
16097-105-11,IMPROVE,top3mean,0.5952997178785487,127.3333333333333,1,1
16097-105-12,IMPROVE,max,0.6059394833691368,115.3333333333333,1,1
16097-105-12,IMPROVE,mean,0.37562972534850575,115.3333333333333,1,1
16097-105-12,IMPROVE,top3mean,0.5952997178785487,115.3333333333333,1,1
16097-105-13,IMPROVE,max,0.5361454168354,187.0,1,1
16097-105-13,IMPROVE,mean,0.37692372750259356,187.0,1,1
16097-105-13,IMPROVE,top3mean,0.5358777110472316,187.0,1,1
16097-105-16,IMPROVE,max,0.5425339587457503,161.3333333333333,1,1
16097-105-16,IMPROVE,mean,0.3825280413864804,161.3333333333333,1,1
16097-105-16,IMPROVE,top3mean,0.541583841846776,161.3333333333333,1,1
16097-105-17,IMPROVE,max,0.4810397395262315,116.0,1,1
16097-105-17,IMPROVE,mean,0.3862512580904872,116.0,1,1
16097-105-17,IMPROVE,top3mean,0.47420608087337984,116.0,1,1
16097-105-18,IMPROVE,max,0.5111256103356627,103.0,1,1
16097-105-18,IMPROVE,mean,0.3628331781387427,103.0,1,1
16097-105-18,IMPROVE,top3mean,0.5057943301358473,103.0,1,1
16097-105-19,IMPROVE,max,0.4805632871851842,62.99999999999999,1,1
16097-105-19,IMPROVE,mean,0.3974602587722926,62.99999999999999,1,1
16097-105-19,IMPROVE,top3mean,0.4790973613115029,62.99999999999999,1,1
16097-105-20,IMPROVE,max,0.4262211285727463,101.6666666666667,1,1
16097-105-20,IMPROVE,mean,0.3725281724351786,101.6666666666667,1,1
16097-105-20,IMPROVE,top3mean,0.41878116583259134,101.6666666666667,1,1
16097-105-23,IMPROVE,max,0.5918949555485703,-0.666666666666667,0,0
16097-105-23,IMPROVE,mean,0.36585069025901806,-0.666666666666667,0,0
16097-105-23,IMPROVE,top3mean,0.5610556339352347,-0.666666666666667,0,0
16097-106-01,IMPROVE,max,0.4228773346398087,14.33333333333333,1,1
16097-106-01,IMPROVE,mean,0.36207736027454696,14.33333333333333,1,1
16097-106-01,IMPROVE,top3mean,0.4216377750909966,14.33333333333333,1,1
16097-106-04,IMPROVE,max,0.5333496879239792,73.33333333333333,1,1
16097-106-04,IMPROVE,mean,0.3644361082918799,73.33333333333333,1,1
16097-106-04,IMPROVE,top3mean,0.5041227410336333,73.33333333333333,1,1
16097-106-06,IMPROVE,max,0.5500656492201367,50.66666666666667,1,1
16097-106-06,IMPROVE,mean,0.41555232534514874,50.66666666666667,1,1
16097-106-06,IMPROVE,top3mean,0.5417650972910087,50.66666666666667,1,1
16097-106-07,IMPROVE,max,0.4921570497127826,65.33333333333333,1,1
16097-106-07,IMPROVE,mean,0.37604702133473533,65.33333333333333,1,1
16097-106-07,IMPROVE,top3mean,0.48342782288930736,65.33333333333333,1,1
16097-106-09,IMPROVE,max,0.5567939472366221,40.0,1,1
16097-106-09,IMPROVE,mean,0.4244240677400065,40.0,1,1
16097-106-09,IMPROVE,top3mean,0.5515456556134849,40.0,1,1
16097-106-12,IMPROVE,max,0.502691616439637,7.666666666666668,1,0
16097-106-12,IMPROVE,mean,0.38648451488362595,7.666666666666668,1,0
16097-106-12,IMPROVE,top3mean,0.49950852710181426,7.666666666666668,1,0
16097-106-13,IMPROVE,max,0.5139256488116718,121.0,1,1
16097-106-13,IMPROVE,mean,0.412182197957548,121.0,1,1
16097-106-13,IMPROVE,top3mean,0.5129783228447232,121.0,1,1
16097-106-14,IMPROVE,max,0.4763336553310336,-7.333333333333336,0,0
16097-106-14,IMPROVE,mean,0.3639837784667473,-7.333333333333336,0,0
16097-106-14,IMPROVE,top3mean,0.4513990516356761,-7.333333333333336,0,0
16097-106-16,IMPROVE,max,0.4276736909106591,57.33333333333334,1,1
16097-106-16,IMPROVE,mean,0.345288657677105,57.33333333333334,1,1
16097-106-16,IMPROVE,top3mean,0.42445118715301816,57.33333333333334,1,1
16097-106-19,IMPROVE,max,0.4588794863856844,1.666666666666664,1,0
16097-106-19,IMPROVE,mean,0.3696478019919694,1.666666666666664,1,0
16097-106-19,IMPROVE,top3mean,0.45206773820744717,1.666666666666664,1,0
16097-106-20,IMPROVE,max,0.5910075326577047,79.33333333333333,1,1
16097-106-20,IMPROVE,mean,0.42946281593869556,79.33333333333333,1,1
16097-106-20,IMPROVE,top3mean,0.5829245524047753,79.33333333333333,1,1
16097-106-21,IMPROVE,max,0.4688622559268635,-2.0,0,0
16097-106-21,IMPROVE,mean,0.3755464887792136,-2.0,0,0
16097-106-21,IMPROVE,top3mean,0.463706701912326,-2.0,0,0
16097-106-23,IMPROVE,max,0.5324386654215167,107.0,1,1
16097-106-23,IMPROVE,mean,0.3922371823978915,107.0,1,1
16097-106-23,IMPROVE,top3mean,0.5196426280474548,107.0,1,1
16097-107-03,IMPROVE,max,0.5185322829221276,89.0,1,1
16097-107-03,IMPROVE,mean,0.3808673700290583,89.0,1,1
16097-107-03,IMPROVE,top3mean,0.5178851982626552,89.0,1,1
16097-107-06,IMPROVE,max,0.5434342851089211,-0.6666666666666666,0,0
16097-107-06,IMPROVE,mean,0.41830267528773646,-0.6666666666666666,0,0
16097-107-06,IMPROVE,top3mean,0.534777679831723,-0.6666666666666666,0,0
16097-107-07,IMPROVE,max,0.5370574409008131,43.66666666666666,1,1
16097-107-07,IMPROVE,mean,0.41722215764204207,43.66666666666666,1,1
16097-107-07,IMPROVE,top3mean,0.5334416728442485,43.66666666666666,1,1
16097-107-08,IMPROVE,max,0.5093538897312107,28.33333333333333,1,1
16097-107-08,IMPROVE,mean,0.3666589623627812,28.33333333333333,1,1
16097-107-08,IMPROVE,top3mean,0.508980366629606,28.33333333333333,1,1
16097-107-10,IMPROVE,max,0.3931325148518549,83.33333333333333,1,1
16097-107-10,IMPROVE,mean,0.3348288528108654,83.33333333333333,1,1
16097-107-10,IMPROVE,top3mean,0.3761535149532618,83.33333333333333,1,1
16097-107-12,IMPROVE,max,0.5617294643095858,17.33333333333334,1,1
16097-107-12,IMPROVE,mean,0.3895397988446182,17.33333333333334,1,1
16097-107-12,IMPROVE,top3mean,0.4917985538929317,17.33333333333334,1,1
16097-107-18,IMPROVE,max,0.4600302439166238,6.333333333333333,1,0
16097-107-18,IMPROVE,mean,0.36769804053239413,6.333333333333333,1,0
16097-107-18,IMPROVE,top3mean,0.4554051977625624,6.333333333333333,1,0
16097-107-24,IMPROVE,max,0.4779973318957422,1.333333333333333,1,0
16097-107-24,IMPROVE,mean,0.373231565479088,1.333333333333333,1,0
16097-107-24,IMPROVE,top3mean,0.455893914242983,1.333333333333333,1,0
16097-108-01,IMPROVE,max,0.5801822158824785,1.666666666666667,1,0
16097-108-01,IMPROVE,mean,0.42512106861719184,1.666666666666667,1,0
16097-108-01,IMPROVE,top3mean,0.5570802037332678,1.666666666666667,1,0
16097-108-02,IMPROVE,max,0.5801822158824785,1.666666666666667,1,0
16097-108-02,IMPROVE,mean,0.4083783234295324,1.666666666666667,1,0
16097-108-02,IMPROVE,top3mean,0.5102784446317654,1.666666666666667,1,0
16097-108-05,IMPROVE,max,0.5177957702845895,8.0,1,0
16097-108-05,IMPROVE,mean,0.3777112303712192,8.0,1,0
16097-108-05,IMPROVE,top3mean,0.5174644965430548,8.0,1,0
16097-108-07,IMPROVE,max,0.489541646984939,48.66666666666666,1,1
16097-108-07,IMPROVE,mean,0.37642139909129496,48.66666666666666,1,1
16097-108-07,IMPROVE,top3mean,0.4867595280012002,48.66666666666666,1,1
16097-108-08,IMPROVE,max,0.5549109671265139,19.33333333333333,1,1
16097-108-08,IMPROVE,mean,0.42287386481140593,19.33333333333333,1,1
16097-108-08,IMPROVE,top3mean,0.5468910192901332,19.33333333333333,1,1
16097-108-09,IMPROVE,max,0.4648296053031225,1.333333333333333,1,0
16097-108-09,IMPROVE,mean,0.39784821204023885,1.333333333333333,1,0
16097-108-09,IMPROVE,top3mean,0.45724657771901017,1.333333333333333,1,0
16097-108-10,IMPROVE,max,0.5503304386848373,0.6666666666666667,1,0
16097-108-10,IMPROVE,mean,0.4052506749727594,0.6666666666666667,1,0
16097-108-10,IMPROVE,top3mean,0.5420701633927669,0.6666666666666667,1,0
16097-108-13,IMPROVE,max,0.4321670011398687,6.0,1,0
16097-108-13,IMPROVE,mean,0.3580009543885175,6.0,1,0
16097-108-13,IMPROVE,top3mean,0.42977551366824135,6.0,1,0
16097-108-14,IMPROVE,max,0.5633539221396765,52.0,1,1
16097-108-14,IMPROVE,mean,0.43297489313022086,52.0,1,1
16097-108-14,IMPROVE,top3mean,0.5587770073951469,52.0,1,1
16097-108-19,IMPROVE,max,0.445830026845009,27.66666666666666,1,1
16097-108-19,IMPROVE,mean,0.36469164286576017,27.66666666666666,1,1
16097-108-19,IMPROVE,top3mean,0.445830026845009,27.66666666666666,1,1
16097-108-20,IMPROVE,max,0.4669180815676652,23.0,1,1
16097-108-20,IMPROVE,mean,0.37725361259917595,23.0,1,1
16097-108-20,IMPROVE,top3mean,0.46563602106665675,23.0,1,1
16097-108-23,IMPROVE,max,0.5036175836327208,31.0,1,1
16097-108-23,IMPROVE,mean,0.38777384559266304,31.0,1,1
16097-108-23,IMPROVE,top3mean,0.5004851307689643,31.0,1,1
16097-109-01,IMPROVE,max,0.5461304604556805,20.0,1,1
16097-109-01,IMPROVE,mean,0.37632888022705707,20.0,1,1
16097-109-01,IMPROVE,top3mean,0.5231207276957838,20.0,1,1
16097-109-02,IMPROVE,max,0.5461304604556805,2.666666666666667,1,0
16097-109-02,IMPROVE,mean,0.3940723705406712,2.666666666666667,1,0
16097-109-02,IMPROVE,top3mean,0.5231207276957838,2.666666666666667,1,0
16097-109-03,IMPROVE,max,0.5461304604556805,1.0,1,0
16097-109-03,IMPROVE,mean,0.3925759735783894,1.0,1,0
16097-109-03,IMPROVE,top3mean,0.5231207276957838,1.0,1,0
16097-109-06,IMPROVE,max,0.6086846129162131,105.0,1,1
16097-109-06,IMPROVE,mean,0.4044013017965857,105.0,1,1
16097-109-06,IMPROVE,top3mean,0.5714547175698659,105.0,1,1
16097-109-07,IMPROVE,max,0.4957512255235474,11.66666666666667,1,1
16097-109-07,IMPROVE,mean,0.36499536877616057,11.66666666666667,1,1
16097-109-07,IMPROVE,top3mean,0.49388127871680004,11.66666666666667,1,1
16097-109-09,IMPROVE,max,0.5270672418527335,24.66666666666667,1,1
16097-109-09,IMPROVE,mean,0.42089762323540053,24.66666666666667,1,1
16097-109-09,IMPROVE,top3mean,0.5202552213882935,24.66666666666667,1,1
16097-109-15,IMPROVE,max,0.496785440599637,11.0,1,1
16097-109-15,IMPROVE,mean,0.3739641378970095,11.0,1,1
16097-109-15,IMPROVE,top3mean,0.45576949481777596,11.0,1,1
16097-109-16,IMPROVE,max,0.496785440599637,25.0,1,1
16097-109-16,IMPROVE,mean,0.3791903131490972,25.0,1,1
16097-109-16,IMPROVE,top3mean,0.48949461936619226,25.0,1,1
16097-109-23,IMPROVE,max,0.4562271035143966,5.0,1,0
16097-109-23,IMPROVE,mean,0.3855892389103315,5.0,1,0
16097-109-23,IMPROVE,top3mean,0.45311317739321644,5.0,1,0
16097-109-24,IMPROVE,max,0.4495640554027807,46.66666666666666,1,1
16097-109-24,IMPROVE,mean,0.34342389463608186,46.66666666666666,1,1
16097-109-24,IMPROVE,top3mean,0.4468759004660409,46.66666666666666,1,1
16097-110-01,IMPROVE,max,0.5680306996226878,81.33333333333334,1,1
16097-110-01,IMPROVE,mean,0.4169819471654106,81.33333333333334,1,1
16097-110-01,IMPROVE,top3mean,0.558421219530541,81.33333333333334,1,1
16097-110-03,IMPROVE,max,0.5235341161208085,55.99999999999999,1,1
16097-110-03,IMPROVE,mean,0.38546925047468117,55.99999999999999,1,1
16097-110-03,IMPROVE,top3mean,0.5058570045141059,55.99999999999999,1,1
16097-110-04,IMPROVE,max,0.5235341161208085,-3.0,0,0
16097-110-04,IMPROVE,mean,0.3815108869236179,-3.0,0,0
16097-110-04,IMPROVE,top3mean,0.5058570045141059,-3.0,0,0
16097-110-08,IMPROVE,max,0.5128194694919587,148.6666666666667,1,1
16097-110-08,IMPROVE,mean,0.3881320447750591,148.6666666666667,1,1
16097-110-08,IMPROVE,top3mean,0.5002627396134022,148.6666666666667,1,1
16097-110-09,IMPROVE,max,0.4592779093264821,25.33333333333333,1,1
16097-110-09,IMPROVE,mean,0.35527633556316174,25.33333333333333,1,1
16097-110-09,IMPROVE,top3mean,0.4399533644330343,25.33333333333333,1,1
16097-110-10,IMPROVE,max,0.528357234818627,135.6666666666667,1,1
16097-110-10,IMPROVE,mean,0.39037602782798125,135.6666666666667,1,1
16097-110-10,IMPROVE,top3mean,0.5156383325505273,135.6666666666667,1,1
16097-110-12,IMPROVE,max,0.3952924139477192,2.333333333333334,1,0
16097-110-12,IMPROVE,mean,0.34100094300698686,2.333333333333334,1,0
16097-110-12,IMPROVE,top3mean,0.37941313449352027,2.333333333333334,1,0
16097-110-13,IMPROVE,max,0.4527055162622538,0.0,0,0
16097-110-13,IMPROVE,mean,0.3628765764798979,0.0,0,0
16097-110-13,IMPROVE,top3mean,0.43642709662336837,0.0,0,0
16097-110-14,IMPROVE,max,0.6253349179297878,110.6666666666667,1,1
16097-110-14,IMPROVE,mean,0.43687158595600983,110.6666666666667,1,1
16097-110-14,IMPROVE,top3mean,0.6180105048749289,110.6666666666667,1,1
16097-110-15,IMPROVE,max,0.4599770016758862,138.6666666666667,1,1
16097-110-15,IMPROVE,mean,0.3565321936082282,138.6666666666667,1,1
16097-110-15,IMPROVE,top3mean,0.45560369392524547,138.6666666666667,1,1
16097-110-16,IMPROVE,max,0.4457418611985854,85.66666666666666,1,1
16097-110-16,IMPROVE,mean,0.3644318756961572,85.66666666666666,1,1
16097-110-16,IMPROVE,top3mean,0.44574186119858544,85.66666666666666,1,1
16097-110-21,IMPROVE,max,0.4189574713688017,-12.33333333333334,0,0
16097-110-21,IMPROVE,mean,0.35886267618985657,-12.33333333333334,0,0
16097-110-21,IMPROVE,top3mean,0.41684537818663453,-12.33333333333334,0,0
16097-110-23,IMPROVE,max,0.5144716450487551,6.333333333333334,1,0
16097-110-23,IMPROVE,mean,0.38794973465123384,6.333333333333334,1,0
16097-110-23,IMPROVE,top3mean,0.5143786396684176,6.333333333333334,1,0
16097-101-10,NeoTImmuML,max,0.8584731270651054,110.0,1,1
16097-101-10,NeoTImmuML,mean,0.22891693679591507,110.0,1,1
16097-101-10,NeoTImmuML,top3mean,0.8584731270651055,110.0,1,1
16097-101-21,NeoTImmuML,max,0.9360936999933536,-1.333333333333329,0,0
16097-101-21,NeoTImmuML,mean,0.2952764479692365,-1.333333333333329,0,0
16097-101-21,NeoTImmuML,top3mean,0.9360936999933536,-1.333333333333329,0,0
16097-101-22,NeoTImmuML,max,0.9377171131119614,19.33333333333333,1,1
16097-101-22,NeoTImmuML,mean,0.3886114455846105,19.33333333333333,1,1
16097-101-22,NeoTImmuML,top3mean,0.9377171131119614,19.33333333333333,1,1
16097-101-24,NeoTImmuML,max,0.8256649487955786,93.0,1,1
16097-101-24,NeoTImmuML,mean,0.2937715176182509,93.0,1,1
16097-101-24,NeoTImmuML,top3mean,0.8256649487955786,93.0,1,1
16097-101-27,NeoTImmuML,max,0.9936540816603716,80.66666666666666,1,1
16097-101-27,NeoTImmuML,mean,0.4585000989391988,80.66666666666666,1,1
16097-101-27,NeoTImmuML,top3mean,0.9936540816603716,80.66666666666666,1,1
16097-101-3,NeoTImmuML,max,0.8799329901210119,58.0,1,1
16097-101-3,NeoTImmuML,mean,0.24957930735213152,58.0,1,1
16097-101-3,NeoTImmuML,top3mean,0.8799329901210119,58.0,1,1
16097-101-4,NeoTImmuML,max,0.9761527120324284,31.66666666666666,1,1
16097-101-4,NeoTImmuML,mean,0.33178853248811435,31.66666666666666,1,1
16097-101-4,NeoTImmuML,top3mean,0.9761527120324284,31.66666666666666,1,1
16097-101-5,NeoTImmuML,max,0.8799329901210119,2.0,1,0
16097-101-5,NeoTImmuML,mean,0.2919536854589757,2.0,1,0
16097-101-5,NeoTImmuML,top3mean,0.8799329901210119,2.0,1,0
16097-101-8,NeoTImmuML,max,0.9897313623753932,50.33333333333334,1,1
16097-101-8,NeoTImmuML,mean,0.3004204737018984,50.33333333333334,1,1
16097-101-8,NeoTImmuML,top3mean,0.9897313623753932,50.33333333333334,1,1
16097-102-02,NeoTImmuML,max,0.9772984160662423,-33.66666666666667,0,0
16097-102-02,NeoTImmuML,mean,0.38755859945053284,-33.66666666666667,0,0
16097-102-02,NeoTImmuML,top3mean,0.9772984160662425,-33.66666666666667,0,0
16097-102-04,NeoTImmuML,max,0.9809086285430648,84.33333333333333,1,1
16097-102-04,NeoTImmuML,mean,0.4666427912400324,84.33333333333333,1,1
16097-102-04,NeoTImmuML,top3mean,0.9809086285430647,84.33333333333333,1,1
16097-102-09,NeoTImmuML,max,0.919434091308508,3.0,1,0
16097-102-09,NeoTImmuML,mean,0.35517786785126465,3.0,1,0
16097-102-09,NeoTImmuML,top3mean,0.9194340913085078,3.0,1,0
16097-102-17,NeoTImmuML,max,0.9943861819482364,4.333333333333329,1,0
16097-102-17,NeoTImmuML,mean,0.3824609541129124,4.333333333333329,1,0
16097-102-17,NeoTImmuML,top3mean,0.9943861819482364,4.333333333333329,1,0
16097-102-18,NeoTImmuML,max,0.987056268148828,4.0,1,0
16097-102-18,NeoTImmuML,mean,0.44554353374627154,4.0,1,0
16097-102-18,NeoTImmuML,top3mean,0.987056268148828,4.0,1,0
16097-102-24,NeoTImmuML,max,0.931609177210024,22.66666666666666,1,1
16097-102-24,NeoTImmuML,mean,0.35470352121100857,22.66666666666666,1,1
16097-102-24,NeoTImmuML,top3mean,0.931609177210024,22.66666666666666,1,1
16097-104-01,NeoTImmuML,max,0.9626321781243112,15.33333333333333,1,1
16097-104-01,NeoTImmuML,mean,0.3294303536668853,15.33333333333333,1,1
16097-104-01,NeoTImmuML,top3mean,0.9626321781243113,15.33333333333333,1,1
16097-104-03,NeoTImmuML,max,0.9138488403068524,20.33333333333333,1,1
16097-104-03,NeoTImmuML,mean,0.34077398464664665,20.33333333333333,1,1
16097-104-03,NeoTImmuML,top3mean,0.9138488403068524,20.33333333333333,1,1
16097-104-05,NeoTImmuML,max,0.9956713540073568,0.6666666666666666,1,0
16097-104-05,NeoTImmuML,mean,0.4545354732974765,0.6666666666666666,1,0
16097-104-05,NeoTImmuML,top3mean,0.9956713540073568,0.6666666666666666,1,0
16097-104-06,NeoTImmuML,max,0.9423912398245138,34.99999999999999,1,1
16097-104-06,NeoTImmuML,mean,0.3809710492683055,34.99999999999999,1,1
16097-104-06,NeoTImmuML,top3mean,0.9423912398245138,34.99999999999999,1,1
16097-104-07,NeoTImmuML,max,0.8915927084415206,-8.0,0,0
16097-104-07,NeoTImmuML,mean,0.2940806607306865,-8.0,0,0
16097-104-07,NeoTImmuML,top3mean,0.8915927084415206,-8.0,0,0
16097-104-09,NeoTImmuML,max,0.9830458048188716,18.66666666666666,1,1
16097-104-09,NeoTImmuML,mean,0.3558524121719973,18.66666666666666,1,1
16097-104-09,NeoTImmuML,top3mean,0.9830458048188716,18.66666666666666,1,1
16097-104-11,NeoTImmuML,max,0.9908272843371752,1.0,1,0
16097-104-11,NeoTImmuML,mean,0.49016455255619323,1.0,1,0
16097-104-11,NeoTImmuML,top3mean,0.9908272843371752,1.0,1,0
16097-104-12,NeoTImmuML,max,0.9606057018339612,-5.0,0,0
16097-104-12,NeoTImmuML,mean,0.4003133259586331,-5.0,0,0
16097-104-12,NeoTImmuML,top3mean,0.9606057018339612,-5.0,0,0
16097-104-13,NeoTImmuML,max,0.9709231458295716,8.0,1,0
16097-104-13,NeoTImmuML,mean,0.3009164546257792,8.0,1,0
16097-104-13,NeoTImmuML,top3mean,0.9709231458295716,8.0,1,0
16097-104-14,NeoTImmuML,max,0.9354931150916252,9.0,1,0
16097-104-14,NeoTImmuML,mean,0.2699737702963316,9.0,1,0
16097-104-14,NeoTImmuML,top3mean,0.9354931150916252,9.0,1,0
16097-104-16,NeoTImmuML,max,0.967091676242503,24.66666666666667,1,1
16097-104-16,NeoTImmuML,mean,0.2028018907199947,24.66666666666667,1,1
16097-104-16,NeoTImmuML,top3mean,0.9670916762425031,24.66666666666667,1,1
16097-104-17,NeoTImmuML,max,0.974039632191326,15.33333333333333,1,1
16097-104-17,NeoTImmuML,mean,0.4415309282614799,15.33333333333333,1,1
16097-104-17,NeoTImmuML,top3mean,0.9740396321913259,15.33333333333333,1,1
16097-104-19,NeoTImmuML,max,0.9749098130126904,60.66666666666666,1,1
16097-104-19,NeoTImmuML,mean,0.42616920824300214,60.66666666666666,1,1
16097-104-19,NeoTImmuML,top3mean,0.9749098130126904,60.66666666666666,1,1
16097-104-24,NeoTImmuML,max,0.9383093644857906,49.66666666666666,1,1
16097-104-24,NeoTImmuML,mean,0.37499179034355656,49.66666666666666,1,1
16097-104-24,NeoTImmuML,top3mean,0.9383093644857906,49.66666666666666,1,1
16097-105-01,NeoTImmuML,max,0.8804479723423135,6.333333333333334,1,0
16097-105-01,NeoTImmuML,mean,0.2813762442846925,6.333333333333334,1,0
16097-105-01,NeoTImmuML,top3mean,0.8804479723423135,6.333333333333334,1,0
16097-105-02,NeoTImmuML,max,0.964088030233314,8.333333333333334,1,0
16097-105-02,NeoTImmuML,mean,0.331647644012621,8.333333333333334,1,0
16097-105-02,NeoTImmuML,top3mean,0.964088030233314,8.333333333333334,1,0
16097-105-03,NeoTImmuML,max,0.9847253564432964,12.33333333333333,1,1
16097-105-03,NeoTImmuML,mean,0.4483612672337716,12.33333333333333,1,1
16097-105-03,NeoTImmuML,top3mean,0.9847253564432964,12.33333333333333,1,1
16097-105-06,NeoTImmuML,max,0.9954556306546344,1.333333333333333,1,0
16097-105-06,NeoTImmuML,mean,0.3109653152405907,1.333333333333333,1,0
16097-105-06,NeoTImmuML,top3mean,0.9954556306546344,1.333333333333333,1,0
16097-105-08,NeoTImmuML,max,0.9626108036596484,209.0,1,1
16097-105-08,NeoTImmuML,mean,0.3438788385518999,209.0,1,1
16097-105-08,NeoTImmuML,top3mean,0.9626108036596484,209.0,1,1
16097-105-09,NeoTImmuML,max,0.9844623606430696,15.0,1,1
16097-105-09,NeoTImmuML,mean,0.403631881457718,15.0,1,1
16097-105-09,NeoTImmuML,top3mean,0.9844623606430695,15.0,1,1
16097-105-10,NeoTImmuML,max,0.9928477326173056,88.33333333333334,1,1
16097-105-10,NeoTImmuML,mean,0.47421653100674266,88.33333333333334,1,1
16097-105-10,NeoTImmuML,top3mean,0.9928477326173056,88.33333333333334,1,1
16097-105-11,NeoTImmuML,max,0.942921094045588,127.3333333333333,1,1
16097-105-11,NeoTImmuML,mean,0.3139589093851888,127.3333333333333,1,1
16097-105-11,NeoTImmuML,top3mean,0.942921094045588,127.3333333333333,1,1
16097-105-12,NeoTImmuML,max,0.942921094045588,115.3333333333333,1,1
16097-105-12,NeoTImmuML,mean,0.28538144033731183,115.3333333333333,1,1
16097-105-12,NeoTImmuML,top3mean,0.942921094045588,115.3333333333333,1,1
16097-105-13,NeoTImmuML,max,0.9852426311257948,187.0,1,1
16097-105-13,NeoTImmuML,mean,0.38624848341463136,187.0,1,1
16097-105-13,NeoTImmuML,top3mean,0.9852426311257948,187.0,1,1
16097-105-16,NeoTImmuML,max,0.9887058388638432,161.3333333333333,1,1
16097-105-16,NeoTImmuML,mean,0.4492496930532868,161.3333333333333,1,1
16097-105-16,NeoTImmuML,top3mean,0.9887058388638432,161.3333333333333,1,1
16097-105-17,NeoTImmuML,max,0.9853770019813466,116.0,1,1
16097-105-17,NeoTImmuML,mean,0.3720164091911914,116.0,1,1
16097-105-17,NeoTImmuML,top3mean,0.9853770019813467,116.0,1,1
16097-105-18,NeoTImmuML,max,0.9728156117787244,103.0,1,1
16097-105-18,NeoTImmuML,mean,0.40363595827732796,103.0,1,1
16097-105-18,NeoTImmuML,top3mean,0.9728156117787244,103.0,1,1
16097-105-19,NeoTImmuML,max,0.9909159824330612,62.99999999999999,1,1
16097-105-19,NeoTImmuML,mean,0.4221194695688606,62.99999999999999,1,1
16097-105-19,NeoTImmuML,top3mean,0.9909159824330612,62.99999999999999,1,1
16097-105-20,NeoTImmuML,max,0.9874944761091832,101.6666666666667,1,1
16097-105-20,NeoTImmuML,mean,0.3119087491714727,101.6666666666667,1,1
16097-105-20,NeoTImmuML,top3mean,0.9874944761091832,101.6666666666667,1,1
16097-105-23,NeoTImmuML,max,0.8091552971418391,-0.666666666666667,0,0
16097-105-23,NeoTImmuML,mean,0.2387470622492998,-0.666666666666667,0,0
16097-105-23,NeoTImmuML,top3mean,0.8091552971418391,-0.666666666666667,0,0
16097-106-01,NeoTImmuML,max,0.9932551121990448,14.33333333333333,1,1
16097-106-01,NeoTImmuML,mean,0.3948457909964933,14.33333333333333,1,1
16097-106-01,NeoTImmuML,top3mean,0.9932551121990448,14.33333333333333,1,1
16097-106-04,NeoTImmuML,max,0.9906114968710236,73.33333333333333,1,1
16097-106-04,NeoTImmuML,mean,0.4087546789229371,73.33333333333333,1,1
16097-106-04,NeoTImmuML,top3mean,0.9906114968710235,73.33333333333333,1,1
16097-106-06,NeoTImmuML,max,0.9821623394793588,50.66666666666667,1,1
16097-106-06,NeoTImmuML,mean,0.43154631514999453,50.66666666666667,1,1
16097-106-06,NeoTImmuML,top3mean,0.9821623394793587,50.66666666666667,1,1
16097-106-07,NeoTImmuML,max,0.9598952646297262,65.33333333333333,1,1
16097-106-07,NeoTImmuML,mean,0.28687857900072544,65.33333333333333,1,1
16097-106-07,NeoTImmuML,top3mean,0.9598952646297262,65.33333333333333,1,1
16097-106-09,NeoTImmuML,max,0.9700854596384442,40.0,1,1
16097-106-09,NeoTImmuML,mean,0.47809537592448415,40.0,1,1
16097-106-09,NeoTImmuML,top3mean,0.9700854596384442,40.0,1,1
16097-106-12,NeoTImmuML,max,0.9814311177801456,7.666666666666668,1,0
16097-106-12,NeoTImmuML,mean,0.4290504877748048,7.666666666666668,1,0
16097-106-12,NeoTImmuML,top3mean,0.9814311177801457,7.666666666666668,1,0
16097-106-13,NeoTImmuML,max,0.9759419202163412,121.0,1,1
16097-106-13,NeoTImmuML,mean,0.34812709007922094,121.0,1,1
16097-106-13,NeoTImmuML,top3mean,0.9759419202163412,121.0,1,1
16097-106-14,NeoTImmuML,max,0.9638193727740696,-7.333333333333336,0,0
16097-106-14,NeoTImmuML,mean,0.36391908966285325,-7.333333333333336,0,0
16097-106-14,NeoTImmuML,top3mean,0.9638193727740697,-7.333333333333336,0,0
16097-106-16,NeoTImmuML,max,0.950754284513478,57.33333333333334,1,1
16097-106-16,NeoTImmuML,mean,0.3378391491593122,57.33333333333334,1,1
16097-106-16,NeoTImmuML,top3mean,0.950754284513478,57.33333333333334,1,1
16097-106-19,NeoTImmuML,max,0.9891287707040932,1.666666666666664,1,0
16097-106-19,NeoTImmuML,mean,0.36239798758987,1.666666666666664,1,0
16097-106-19,NeoTImmuML,top3mean,0.9891287707040931,1.666666666666664,1,0
16097-106-20,NeoTImmuML,max,0.9785405246955288,79.33333333333333,1,1
16097-106-20,NeoTImmuML,mean,0.47802114790615263,79.33333333333333,1,1
16097-106-20,NeoTImmuML,top3mean,0.9785405246955289,79.33333333333333,1,1
16097-106-21,NeoTImmuML,max,0.9911407577717803,-2.0,0,0
16097-106-21,NeoTImmuML,mean,0.41805020009513866,-2.0,0,0
16097-106-21,NeoTImmuML,top3mean,0.9911407577717805,-2.0,0,0
16097-106-23,NeoTImmuML,max,0.9944749440507822,107.0,1,1
16097-106-23,NeoTImmuML,mean,0.4800994587734968,107.0,1,1
16097-106-23,NeoTImmuML,top3mean,0.9944749440507822,107.0,1,1
16097-107-03,NeoTImmuML,max,0.8811037436006794,89.0,1,1
16097-107-03,NeoTImmuML,mean,0.2982366567688143,89.0,1,1
16097-107-03,NeoTImmuML,top3mean,0.8811037436006796,89.0,1,1
16097-107-06,NeoTImmuML,max,0.9685882649046446,-0.6666666666666666,0,0
16097-107-06,NeoTImmuML,mean,0.3090980660637746,-0.6666666666666666,0,0
16097-107-06,NeoTImmuML,top3mean,0.9685882649046446,-0.6666666666666666,0,0
16097-107-07,NeoTImmuML,max,0.9856819466772304,43.66666666666666,1,1
16097-107-07,NeoTImmuML,mean,0.4907126926626712,43.66666666666666,1,1
16097-107-07,NeoTImmuML,top3mean,0.9856819466772304,43.66666666666666,1,1
16097-107-08,NeoTImmuML,max,0.9815322351133752,28.33333333333333,1,1
16097-107-08,NeoTImmuML,mean,0.38734345985006563,28.33333333333333,1,1
16097-107-08,NeoTImmuML,top3mean,0.9815322351133752,28.33333333333333,1,1
16097-107-10,NeoTImmuML,max,0.982865442627977,83.33333333333333,1,1
16097-107-10,NeoTImmuML,mean,0.36153495530401913,83.33333333333333,1,1
16097-107-10,NeoTImmuML,top3mean,0.9828654426279769,83.33333333333333,1,1
16097-107-12,NeoTImmuML,max,0.9760325813734854,17.33333333333334,1,1
16097-107-12,NeoTImmuML,mean,0.37212697688454316,17.33333333333334,1,1
16097-107-12,NeoTImmuML,top3mean,0.9760325813734854,17.33333333333334,1,1
16097-107-18,NeoTImmuML,max,0.9885011672267618,6.333333333333333,1,0
16097-107-18,NeoTImmuML,mean,0.3562543923587035,6.333333333333333,1,0
16097-107-18,NeoTImmuML,top3mean,0.988501167226762,6.333333333333333,1,0
16097-107-24,NeoTImmuML,max,0.9836313183360595,1.333333333333333,1,0
16097-107-24,NeoTImmuML,mean,0.4341047283623482,1.333333333333333,1,0
16097-107-24,NeoTImmuML,top3mean,0.9836313183360595,1.333333333333333,1,0
16097-108-01,NeoTImmuML,max,0.9866288092626784,1.666666666666667,1,0
16097-108-01,NeoTImmuML,mean,0.4482348626389808,1.666666666666667,1,0
16097-108-01,NeoTImmuML,top3mean,0.9866288092626784,1.666666666666667,1,0
16097-108-02,NeoTImmuML,max,0.9866288092626784,1.666666666666667,1,0
16097-108-02,NeoTImmuML,mean,0.40087350458318255,1.666666666666667,1,0
16097-108-02,NeoTImmuML,top3mean,0.9866288092626784,1.666666666666667,1,0
16097-108-05,NeoTImmuML,max,0.9934571585760568,8.0,1,0
16097-108-05,NeoTImmuML,mean,0.40623054451852103,8.0,1,0
16097-108-05,NeoTImmuML,top3mean,0.9934571585760569,8.0,1,0
16097-108-07,NeoTImmuML,max,0.9831734048532764,48.66666666666666,1,1
16097-108-07,NeoTImmuML,mean,0.4572830624270293,48.66666666666666,1,1
16097-108-07,NeoTImmuML,top3mean,0.9831734048532764,48.66666666666666,1,1
16097-108-08,NeoTImmuML,max,0.9940303290087368,19.33333333333333,1,1
16097-108-08,NeoTImmuML,mean,0.43854945799749895,19.33333333333333,1,1
16097-108-08,NeoTImmuML,top3mean,0.9940303290087368,19.33333333333333,1,1
16097-108-09,NeoTImmuML,max,0.9889178423949978,1.333333333333333,1,0
16097-108-09,NeoTImmuML,mean,0.3606605769459599,1.333333333333333,1,0
16097-108-09,NeoTImmuML,top3mean,0.9889178423949977,1.333333333333333,1,0
16097-108-10,NeoTImmuML,max,0.8730253662930907,0.6666666666666667,1,0
16097-108-10,NeoTImmuML,mean,0.2904919279212062,0.6666666666666667,1,0
16097-108-10,NeoTImmuML,top3mean,0.8730253662930907,0.6666666666666667,1,0
16097-108-13,NeoTImmuML,max,0.9749181115810328,6.0,1,0
16097-108-13,NeoTImmuML,mean,0.3316306902408065,6.0,1,0
16097-108-13,NeoTImmuML,top3mean,0.9749181115810327,6.0,1,0
16097-108-14,NeoTImmuML,max,0.9913692413921948,52.0,1,1
16097-108-14,NeoTImmuML,mean,0.4651343964839229,52.0,1,1
16097-108-14,NeoTImmuML,top3mean,0.9913692413921948,52.0,1,1
16097-108-19,NeoTImmuML,max,0.9855828375914764,27.66666666666666,1,1
16097-108-19,NeoTImmuML,mean,0.4439581014617033,27.66666666666666,1,1
16097-108-19,NeoTImmuML,top3mean,0.9855828375914765,27.66666666666666,1,1
16097-108-20,NeoTImmuML,max,0.983455593782386,23.0,1,1
16097-108-20,NeoTImmuML,mean,0.35047023790064286,23.0,1,1
16097-108-20,NeoTImmuML,top3mean,0.983455593782386,23.0,1,1
16097-108-23,NeoTImmuML,max,0.9853993587577072,31.0,1,1
16097-108-23,NeoTImmuML,mean,0.46813263246039233,31.0,1,1
16097-108-23,NeoTImmuML,top3mean,0.9853993587577072,31.0,1,1
16097-109-01,NeoTImmuML,max,0.9737333234649984,20.0,1,1
16097-109-01,NeoTImmuML,mean,0.3745785654159025,20.0,1,1
16097-109-01,NeoTImmuML,top3mean,0.9737333234649984,20.0,1,1
16097-109-02,NeoTImmuML,max,0.9737333234649984,2.666666666666667,1,0
16097-109-02,NeoTImmuML,mean,0.37672618797901436,2.666666666666667,1,0
16097-109-02,NeoTImmuML,top3mean,0.9737333234649984,2.666666666666667,1,0
16097-109-03,NeoTImmuML,max,0.9737333234649984,1.0,1,0
16097-109-03,NeoTImmuML,mean,0.35917208874563045,1.0,1,0
16097-109-03,NeoTImmuML,top3mean,0.9737333234649984,1.0,1,0
16097-109-06,NeoTImmuML,max,0.9869427672425366,105.0,1,1
16097-109-06,NeoTImmuML,mean,0.4124594696450939,105.0,1,1
16097-109-06,NeoTImmuML,top3mean,0.9869427672425366,105.0,1,1
16097-109-07,NeoTImmuML,max,0.990554213777352,11.66666666666667,1,1
16097-109-07,NeoTImmuML,mean,0.2322252659482219,11.66666666666667,1,1
16097-109-07,NeoTImmuML,top3mean,0.9905542137773521,11.66666666666667,1,1
16097-109-09,NeoTImmuML,max,0.997402420206456,24.66666666666667,1,1
16097-109-09,NeoTImmuML,mean,0.3788619624349759,24.66666666666667,1,1
16097-109-09,NeoTImmuML,top3mean,0.997402420206456,24.66666666666667,1,1
16097-109-15,NeoTImmuML,max,0.5850985334047126,11.0,1,1
16097-109-15,NeoTImmuML,mean,0.17535506910826695,11.0,1,1
16097-109-15,NeoTImmuML,top3mean,0.5850985334047126,11.0,1,1
16097-109-16,NeoTImmuML,max,0.4295425547463343,25.0,1,1
16097-109-16,NeoTImmuML,mean,0.17144778508452477,25.0,1,1
16097-109-16,NeoTImmuML,top3mean,0.4295425547463343,25.0,1,1
16097-109-23,NeoTImmuML,max,0.9816603647733492,5.0,1,0
16097-109-23,NeoTImmuML,mean,0.4666461990443404,5.0,1,0
16097-109-23,NeoTImmuML,top3mean,0.9816603647733492,5.0,1,0
16097-109-24,NeoTImmuML,max,0.99402275577694,46.66666666666666,1,1
16097-109-24,NeoTImmuML,mean,0.4495694313907463,46.66666666666666,1,1
16097-109-24,NeoTImmuML,top3mean,0.99402275577694,46.66666666666666,1,1
16097-110-01,NeoTImmuML,max,0.983488458471179,81.33333333333334,1,1
16097-110-01,NeoTImmuML,mean,0.44245396585506996,81.33333333333334,1,1
16097-110-01,NeoTImmuML,top3mean,0.983488458471179,81.33333333333334,1,1
16097-110-03,NeoTImmuML,max,0.9760107249762038,55.99999999999999,1,1
16097-110-03,NeoTImmuML,mean,0.4221125505912095,55.99999999999999,1,1
16097-110-03,NeoTImmuML,top3mean,0.9760107249762037,55.99999999999999,1,1
16097-110-04,NeoTImmuML,max,0.9760107249762038,-3.0,0,0
16097-110-04,NeoTImmuML,mean,0.4659632698822627,-3.0,0,0
16097-110-04,NeoTImmuML,top3mean,0.9760107249762037,-3.0,0,0
16097-110-08,NeoTImmuML,max,0.98599969466715,148.6666666666667,1,1
16097-110-08,NeoTImmuML,mean,0.46890831246359416,148.6666666666667,1,1
16097-110-08,NeoTImmuML,top3mean,0.98599969466715,148.6666666666667,1,1
16097-110-09,NeoTImmuML,max,0.7108898202078858,25.33333333333333,1,1
16097-110-09,NeoTImmuML,mean,0.22858227244373855,25.33333333333333,1,1
16097-110-09,NeoTImmuML,top3mean,0.7108898202078858,25.33333333333333,1,1
16097-110-10,NeoTImmuML,max,0.8693330330687187,135.6666666666667,1,1
16097-110-10,NeoTImmuML,mean,0.35096651769273474,135.6666666666667,1,1
16097-110-10,NeoTImmuML,top3mean,0.8693330330687187,135.6666666666667,1,1
16097-110-12,NeoTImmuML,max,0.8808893032930003,2.333333333333334,1,0
16097-110-12,NeoTImmuML,mean,0.3031498549210559,2.333333333333334,1,0
16097-110-12,NeoTImmuML,top3mean,0.8808893032930003,2.333333333333334,1,0
16097-110-13,NeoTImmuML,max,0.9457661997557124,0.0,0,0
16097-110-13,NeoTImmuML,mean,0.38251095643353744,0.0,0,0
16097-110-13,NeoTImmuML,top3mean,0.9457661997557124,0.0,0,0
16097-110-14,NeoTImmuML,max,0.9867625354364234,110.6666666666667,1,1
16097-110-14,NeoTImmuML,mean,0.38691761116382695,110.6666666666667,1,1
16097-110-14,NeoTImmuML,top3mean,0.9867625354364234,110.6666666666667,1,1
16097-110-15,NeoTImmuML,max,0.974276572190241,138.6666666666667,1,1
16097-110-15,NeoTImmuML,mean,0.4144681480958552,138.6666666666667,1,1
16097-110-15,NeoTImmuML,top3mean,0.974276572190241,138.6666666666667,1,1
16097-110-16,NeoTImmuML,max,0.9293117942816058,85.66666666666666,1,1
16097-110-16,NeoTImmuML,mean,0.3452905945193617,85.66666666666666,1,1
16097-110-16,NeoTImmuML,top3mean,0.9293117942816057,85.66666666666666,1,1
16097-110-21,NeoTImmuML,max,0.9830752177428984,-12.33333333333334,0,0
16097-110-21,NeoTImmuML,mean,0.35778206983088584,-12.33333333333334,0,0
16097-110-21,NeoTImmuML,top3mean,0.9830752177428984,-12.33333333333334,0,0
16097-110-23,NeoTImmuML,max,0.987685275224589,6.333333333333334,1,0
16097-110-23,NeoTImmuML,mean,0.44252764425818436,6.333333333333334,1,0
16097-110-23,NeoTImmuML,top3mean,0.9876852752245892,6.333333333333334,1,0
16097-101-10,pTuneos,max,0.2,110.0,1,1
16097-101-10,pTuneos,mean,0.0012755102040816326,110.0,1,1
16097-101-10,pTuneos,top3mean,0.13333333333333333,110.0,1,1
16097-101-21,pTuneos,max,0.0,-1.333333333333329,0,0
16097-101-21,pTuneos,mean,0.0,-1.333333333333329,0,0
16097-101-21,pTuneos,top3mean,0.0,-1.333333333333329,0,0
16097-101-22,pTuneos,max,0.1,19.33333333333333,1,1
16097-101-22,pTuneos,mean,0.005494505494505495,19.33333333333333,1,1
16097-101-22,pTuneos,top3mean,0.10000000000000002,19.33333333333333,1,1
16097-101-24,pTuneos,max,0.1,93.0,1,1
16097-101-24,pTuneos,mean,0.004545454545454545,93.0,1,1
16097-101-24,pTuneos,top3mean,0.10000000000000002,93.0,1,1
16097-101-27,pTuneos,max,0.1,80.66666666666666,1,1
16097-101-27,pTuneos,mean,0.0007142857142857143,80.66666666666666,1,1
16097-101-27,pTuneos,top3mean,0.06666666666666667,80.66666666666666,1,1
16097-101-3,pTuneos,max,0.2,58.0,1,1
16097-101-3,pTuneos,mean,0.001923076923076923,58.0,1,1
16097-101-3,pTuneos,top3mean,0.13333333333333333,58.0,1,1
16097-101-4,pTuneos,max,0.2,31.66666666666666,1,1
16097-101-4,pTuneos,mean,0.0022727272727272726,31.66666666666666,1,1
16097-101-4,pTuneos,top3mean,0.13333333333333333,31.66666666666666,1,1
16097-101-5,pTuneos,max,0.2,2.0,1,0
16097-101-5,pTuneos,mean,0.0027777777777777775,2.0,1,0
16097-101-5,pTuneos,top3mean,0.13333333333333333,2.0,1,0
16097-101-8,pTuneos,max,0.4,50.33333333333334,1,1
16097-101-8,pTuneos,mean,0.010714285714285714,50.33333333333334,1,1
16097-101-8,pTuneos,top3mean,0.20000000000000004,50.33333333333334,1,1
16097-102-02,pTuneos,max,0.0,-33.66666666666667,0,0
16097-102-02,pTuneos,mean,0.0,-33.66666666666667,0,0
16097-102-02,pTuneos,top3mean,0.0,-33.66666666666667,0,0
16097-102-04,pTuneos,max,0.3,84.33333333333333,1,1
16097-102-04,pTuneos,mean,0.004481792717086835,84.33333333333333,1,1
16097-102-04,pTuneos,top3mean,0.16666666666666666,84.33333333333333,1,1
16097-102-09,pTuneos,max,0.0,3.0,1,0
16097-102-09,pTuneos,mean,0.0,3.0,1,0
16097-102-09,pTuneos,top3mean,0.0,3.0,1,0
16097-102-17,pTuneos,max,0.9,4.333333333333329,1,0
16097-102-17,pTuneos,mean,0.017687074829931974,4.333333333333329,1,0
16097-102-17,pTuneos,top3mean,0.4000000000000001,4.333333333333329,1,0
16097-102-18,pTuneos,max,0.1,4.0,1,0
16097-102-18,pTuneos,mean,0.01130952380952381,4.0,1,0
16097-102-18,pTuneos,top3mean,0.10000000000000002,4.0,1,0
16097-102-24,pTuneos,max,0.1,22.66666666666666,1,1
16097-102-24,pTuneos,mean,0.0004761904761904762,22.66666666666666,1,1
16097-102-24,pTuneos,top3mean,0.03333333333333333,22.66666666666666,1,1
16097-104-01,pTuneos,max,0.3,15.33333333333333,1,1
16097-104-01,pTuneos,mean,0.013492063492063493,15.33333333333333,1,1
16097-104-01,pTuneos,top3mean,0.2333333333333333,15.33333333333333,1,1
16097-104-03,pTuneos,max,0.1,20.33333333333333,1,1
16097-104-03,pTuneos,mean,0.0016666666666666666,20.33333333333333,1,1
16097-104-03,pTuneos,top3mean,0.10000000000000002,20.33333333333333,1,1
16097-104-05,pTuneos,max,0.1,0.6666666666666666,1,0
16097-104-05,pTuneos,mean,0.009523809523809525,0.6666666666666666,1,0
16097-104-05,pTuneos,top3mean,0.10000000000000002,0.6666666666666666,1,0
16097-104-06,pTuneos,max,0.4,34.99999999999999,1,1
16097-104-06,pTuneos,mean,0.01476190476190476,34.99999999999999,1,1
16097-104-06,pTuneos,top3mean,0.23333333333333336,34.99999999999999,1,1
16097-104-07,pTuneos,max,0.1,-8.0,0,0
16097-104-07,pTuneos,mean,0.0016483516483516481,-8.0,0,0
16097-104-07,pTuneos,top3mean,0.10000000000000002,-8.0,0,0
16097-104-09,pTuneos,max,0.2,18.66666666666666,1,1
16097-104-09,pTuneos,mean,0.024603174603174603,18.66666666666666,1,1
16097-104-09,pTuneos,top3mean,0.20000000000000004,18.66666666666666,1,1
16097-104-11,pTuneos,max,0.1,1.0,1,0
16097-104-11,pTuneos,mean,0.0001984126984126984,1.0,1,0
16097-104-11,pTuneos,top3mean,0.03333333333333333,1.0,1,0
16097-104-12,pTuneos,max,0.1,-5.0,0,0
16097-104-12,pTuneos,mean,0.0023809523809523807,-5.0,0,0
16097-104-12,pTuneos,top3mean,0.10000000000000002,-5.0,0,0
16097-104-13,pTuneos,max,0.1,8.0,1,0
16097-104-13,pTuneos,mean,0.00026455026455026457,8.0,1,0
16097-104-13,pTuneos,top3mean,0.03333333333333333,8.0,1,0
16097-104-14,pTuneos,max,0.6,9.0,1,0
16097-104-14,pTuneos,mean,0.016666666666666666,9.0,1,0
16097-104-14,pTuneos,top3mean,0.5666666666666668,9.0,1,0
16097-104-16,pTuneos,max,0.3,24.66666666666667,1,1
16097-104-16,pTuneos,mean,0.002380952380952381,24.66666666666667,1,1
16097-104-16,pTuneos,top3mean,0.16666666666666666,24.66666666666667,1,1
16097-104-17,pTuneos,max,0.6,15.33333333333333,1,1
16097-104-17,pTuneos,mean,0.020000000000000004,15.33333333333333,1,1
16097-104-17,pTuneos,top3mean,0.3333333333333333,15.33333333333333,1,1
16097-104-19,pTuneos,max,0.1,60.66666666666666,1,1
16097-104-19,pTuneos,mean,0.0015873015873015875,60.66666666666666,1,1
16097-104-19,pTuneos,top3mean,0.10000000000000002,60.66666666666666,1,1
16097-104-24,pTuneos,max,0.3,49.66666666666666,1,1
16097-104-24,pTuneos,mean,0.012896825396825396,49.66666666666666,1,1
16097-104-24,pTuneos,top3mean,0.26666666666666666,49.66666666666666,1,1
16097-105-01,pTuneos,max,0.2,6.333333333333334,1,0
16097-105-01,pTuneos,mean,0.0108843537414966,6.333333333333334,1,0
16097-105-01,pTuneos,top3mean,0.13333333333333333,6.333333333333334,1,0
16097-105-02,pTuneos,max,0.2,8.333333333333334,1,0
16097-105-02,pTuneos,mean,0.011111111111111113,8.333333333333334,1,0
16097-105-02,pTuneos,top3mean,0.13333333333333333,8.333333333333334,1,0
16097-105-03,pTuneos,max,0.2,12.33333333333333,1,1
16097-105-03,pTuneos,mean,0.002380952380952381,12.33333333333333,1,1
16097-105-03,pTuneos,top3mean,0.13333333333333333,12.33333333333333,1,1
16097-105-06,pTuneos,max,0.2,1.333333333333333,1,0
16097-105-06,pTuneos,mean,0.014285714285714287,1.333333333333333,1,0
16097-105-06,pTuneos,top3mean,0.13333333333333333,1.333333333333333,1,0
16097-105-08,pTuneos,max,0.4,209.0,1,1
16097-105-08,pTuneos,mean,0.013533834586466167,209.0,1,1
16097-105-08,pTuneos,top3mean,0.23333333333333336,209.0,1,1
16097-105-09,pTuneos,max,0.3,15.0,1,1
16097-105-09,pTuneos,mean,0.0038095238095238095,15.0,1,1
16097-105-09,pTuneos,top3mean,0.13333333333333333,15.0,1,1
16097-105-10,pTuneos,max,0.3,88.33333333333334,1,1
16097-105-10,pTuneos,mean,0.0023809523809523807,88.33333333333334,1,1
16097-105-10,pTuneos,top3mean,0.16666666666666666,88.33333333333334,1,1
16097-105-11,pTuneos,max,0.2,127.3333333333333,1,1
16097-105-11,pTuneos,mean,0.007539682539682539,127.3333333333333,1,1
16097-105-11,pTuneos,top3mean,0.13333333333333333,127.3333333333333,1,1
16097-105-12,pTuneos,max,0.2,115.3333333333333,1,1
16097-105-12,pTuneos,mean,0.012244897959183673,115.3333333333333,1,1
16097-105-12,pTuneos,top3mean,0.13333333333333333,115.3333333333333,1,1
16097-105-13,pTuneos,max,0.1,187.0,1,1
16097-105-13,pTuneos,mean,0.009126984126984126,187.0,1,1
16097-105-13,pTuneos,top3mean,0.10000000000000002,187.0,1,1
16097-105-16,pTuneos,max,0.2,161.3333333333333,1,1
16097-105-16,pTuneos,mean,0.0037593984962406013,161.3333333333333,1,1
16097-105-16,pTuneos,top3mean,0.13333333333333333,161.3333333333333,1,1
16097-105-17,pTuneos,max,0.2,116.0,1,1
16097-105-17,pTuneos,mean,0.005555555555555556,116.0,1,1
16097-105-17,pTuneos,top3mean,0.16666666666666666,116.0,1,1
16097-105-18,pTuneos,max,0.1,103.0,1,1
16097-105-18,pTuneos,mean,0.019727891156462587,103.0,1,1
16097-105-18,pTuneos,top3mean,0.10000000000000002,103.0,1,1
16097-105-19,pTuneos,max,0.1,62.99999999999999,1,1
16097-105-19,pTuneos,mean,0.0006802721088435375,62.99999999999999,1,1
16097-105-19,pTuneos,top3mean,0.03333333333333333,62.99999999999999,1,1
16097-105-20,pTuneos,max,0.2,101.6666666666667,1,1
16097-105-20,pTuneos,mean,0.013165266106442577,101.6666666666667,1,1
16097-105-20,pTuneos,top3mean,0.20000000000000004,101.6666666666667,1,1
16097-105-23,pTuneos,max,0.4,-0.666666666666667,0,0
16097-105-23,pTuneos,mean,0.008163265306122448,-0.666666666666667,0,0
16097-105-23,pTuneos,top3mean,0.23333333333333336,-0.666666666666667,0,0
16097-106-01,pTuneos,max,0.2,14.33333333333333,1,1
16097-106-01,pTuneos,mean,0.005714285714285714,14.33333333333333,1,1
16097-106-01,pTuneos,top3mean,0.16666666666666666,14.33333333333333,1,1
16097-106-04,pTuneos,max,0.1,73.33333333333333,1,1
16097-106-04,pTuneos,mean,0.01904761904761905,73.33333333333333,1,1
16097-106-04,pTuneos,top3mean,0.10000000000000002,73.33333333333333,1,1
16097-106-06,pTuneos,max,0.1,50.66666666666667,1,1
16097-106-06,pTuneos,mean,0.004761904761904762,50.66666666666667,1,1
16097-106-06,pTuneos,top3mean,0.10000000000000002,50.66666666666667,1,1
16097-106-07,pTuneos,max,0.6,65.33333333333333,1,1
16097-106-07,pTuneos,mean,0.003333333333333333,65.33333333333333,1,1
16097-106-07,pTuneos,top3mean,0.39999999999999997,65.33333333333333,1,1
16097-106-09,pTuneos,max,0.1,40.0,1,1
16097-106-09,pTuneos,mean,0.0019047619047619048,40.0,1,1
16097-106-09,pTuneos,top3mean,0.10000000000000002,40.0,1,1
16097-106-12,pTuneos,max,0.1,7.666666666666668,1,0
16097-106-12,pTuneos,mean,0.005714285714285715,7.666666666666668,1,0
16097-106-12,pTuneos,top3mean,0.10000000000000002,7.666666666666668,1,0
16097-106-13,pTuneos,max,0.2,121.0,1,1
16097-106-13,pTuneos,mean,0.006326530612244899,121.0,1,1
16097-106-13,pTuneos,top3mean,0.13333333333333333,121.0,1,1
16097-106-14,pTuneos,max,0.1,-7.333333333333336,0,0
16097-106-14,pTuneos,mean,0.006571428571428572,-7.333333333333336,0,0
16097-106-14,pTuneos,top3mean,0.10000000000000002,-7.333333333333336,0,0
16097-106-16,pTuneos,max,0.2,57.33333333333334,1,1
16097-106-16,pTuneos,mean,0.008,57.33333333333334,1,1
16097-106-16,pTuneos,top3mean,0.13333333333333333,57.33333333333334,1,1
16097-106-19,pTuneos,max,0.1,1.666666666666664,1,0
16097-106-19,pTuneos,mean,0.0012987012987012987,1.666666666666664,1,0
16097-106-19,pTuneos,top3mean,0.10000000000000002,1.666666666666664,1,0
16097-106-20,pTuneos,max,0.2,79.33333333333333,1,1
16097-106-20,pTuneos,mean,0.0008791208791208791,79.33333333333333,1,1
16097-106-20,pTuneos,top3mean,0.13333333333333333,79.33333333333333,1,1
16097-106-21,pTuneos,max,0.1,-2.0,0,0
16097-106-21,pTuneos,mean,0.00043956043956043956,-2.0,0,0
16097-106-21,pTuneos,top3mean,0.06666666666666667,-2.0,0,0
16097-106-23,pTuneos,max,0.3,107.0,1,1
16097-106-23,pTuneos,mean,0.007792207792207792,107.0,1,1
16097-106-23,pTuneos,top3mean,0.20000000000000004,107.0,1,1
16097-107-03,pTuneos,max,0.3,89.0,1,1
16097-107-03,pTuneos,mean,0.006818181818181819,89.0,1,1
16097-107-03,pTuneos,top3mean,0.20000000000000004,89.0,1,1
16097-107-06,pTuneos,max,0.2,-0.6666666666666666,0,0
16097-107-06,pTuneos,mean,0.003125,-0.6666666666666666,0,0
16097-107-06,pTuneos,top3mean,0.13333333333333333,-0.6666666666666666,0,0
16097-107-07,pTuneos,max,0.7,43.66666666666666,1,1
16097-107-07,pTuneos,mean,0.012987012987012988,43.66666666666666,1,1
16097-107-07,pTuneos,top3mean,0.3666666666666667,43.66666666666666,1,1
16097-107-08,pTuneos,max,0.3,28.33333333333333,1,1
16097-107-08,pTuneos,mean,0.004464285714285714,28.33333333333333,1,1
16097-107-08,pTuneos,top3mean,0.2333333333333333,28.33333333333333,1,1
16097-107-10,pTuneos,max,0.0,83.33333333333333,1,1
16097-107-10,pTuneos,mean,0.0,83.33333333333333,1,1
16097-107-10,pTuneos,top3mean,0.0,83.33333333333333,1,1
16097-107-12,pTuneos,max,0.8,17.33333333333334,1,1
16097-107-12,pTuneos,mean,0.013333333333333332,17.33333333333334,1,1
16097-107-12,pTuneos,top3mean,0.43333333333333335,17.33333333333334,1,1
16097-107-18,pTuneos,max,0.2,6.333333333333333,1,0
16097-107-18,pTuneos,mean,0.013988095238095239,6.333333333333333,1,0
16097-107-18,pTuneos,top3mean,0.20000000000000004,6.333333333333333,1,0
16097-107-24,pTuneos,max,0.3,1.333333333333333,1,0
16097-107-24,pTuneos,mean,0.017857142857142856,1.333333333333333,1,0
16097-107-24,pTuneos,top3mean,0.2333333333333333,1.333333333333333,1,0
16097-108-01,pTuneos,max,0.3,1.666666666666667,1,0
16097-108-01,pTuneos,mean,0.018095238095238095,1.666666666666667,1,0
16097-108-01,pTuneos,top3mean,0.2333333333333333,1.666666666666667,1,0
16097-108-02,pTuneos,max,0.3,1.666666666666667,1,0
16097-108-02,pTuneos,mean,0.026984126984126985,1.666666666666667,1,0
16097-108-02,pTuneos,top3mean,0.2333333333333333,1.666666666666667,1,0
16097-108-05,pTuneos,max,0.4,8.0,1,0
16097-108-05,pTuneos,mean,0.009523809523809525,8.0,1,0
16097-108-05,pTuneos,top3mean,0.3,8.0,1,0
16097-108-07,pTuneos,max,0.2,48.66666666666666,1,1
16097-108-07,pTuneos,mean,0.0030303030303030307,48.66666666666666,1,1
16097-108-07,pTuneos,top3mean,0.13333333333333333,48.66666666666666,1,1
16097-108-08,pTuneos,max,0.4,19.33333333333333,1,1
16097-108-08,pTuneos,mean,0.012244897959183675,19.33333333333333,1,1
16097-108-08,pTuneos,top3mean,0.3333333333333333,19.33333333333333,1,1
16097-108-09,pTuneos,max,0.2,1.333333333333333,1,0
16097-108-09,pTuneos,mean,0.029004329004329,1.333333333333333,1,0
16097-108-09,pTuneos,top3mean,0.20000000000000004,1.333333333333333,1,0
16097-108-10,pTuneos,max,0.1,0.6666666666666667,1,0
16097-108-10,pTuneos,mean,0.0009523809523809524,0.6666666666666667,1,0
16097-108-10,pTuneos,top3mean,0.06666666666666667,0.6666666666666667,1,0
16097-108-13,pTuneos,max,0.2,6.0,1,0
16097-108-13,pTuneos,mean,0.0030303030303030303,6.0,1,0
16097-108-13,pTuneos,top3mean,0.13333333333333333,6.0,1,0
16097-108-14,pTuneos,max,0.2,52.0,1,1
16097-108-14,pTuneos,mean,0.012554112554112555,52.0,1,1
16097-108-14,pTuneos,top3mean,0.13333333333333333,52.0,1,1
16097-108-19,pTuneos,max,0.2,27.66666666666666,1,1
16097-108-19,pTuneos,mean,0.013756613756613757,27.66666666666666,1,1
16097-108-19,pTuneos,top3mean,0.20000000000000004,27.66666666666666,1,1
16097-108-20,pTuneos,max,0.1,23.0,1,1
16097-108-20,pTuneos,mean,0.003174603174603175,23.0,1,1
16097-108-20,pTuneos,top3mean,0.10000000000000002,23.0,1,1
16097-108-23,pTuneos,max,0.3,31.0,1,1
16097-108-23,pTuneos,mean,0.005494505494505495,31.0,1,1
16097-108-23,pTuneos,top3mean,0.20000000000000004,31.0,1,1
16097-109-01,pTuneos,max,0.9,20.0,1,1
16097-109-01,pTuneos,mean,0.017922077922077922,20.0,1,1
16097-109-01,pTuneos,top3mean,0.6333333333333333,20.0,1,1
16097-109-02,pTuneos,max,0.9,2.666666666666667,1,0
16097-109-02,pTuneos,mean,0.015064935064935064,2.666666666666667,1,0
16097-109-02,pTuneos,top3mean,0.6333333333333333,2.666666666666667,1,0
16097-109-03,pTuneos,max,0.9,1.0,1,0
16097-109-03,pTuneos,mean,0.01489795918367347,1.0,1,0
16097-109-03,pTuneos,top3mean,0.6333333333333333,1.0,1,0
16097-109-06,pTuneos,max,0.7,105.0,1,1
16097-109-06,pTuneos,mean,0.006122448979591837,105.0,1,1
16097-109-06,pTuneos,top3mean,0.43333333333333335,105.0,1,1
16097-109-07,pTuneos,max,0.1,11.66666666666667,1,1
16097-109-07,pTuneos,mean,0.0019047619047619048,11.66666666666667,1,1
16097-109-07,pTuneos,top3mean,0.10000000000000002,11.66666666666667,1,1
16097-109-09,pTuneos,max,0.1,24.66666666666667,1,1
16097-109-09,pTuneos,mean,0.0005194805194805195,24.66666666666667,1,1
16097-109-09,pTuneos,top3mean,0.06666666666666667,24.66666666666667,1,1
16097-109-15,pTuneos,max,0.3,11.0,1,1
16097-109-15,pTuneos,mean,0.05174603174603175,11.0,1,1
16097-109-15,pTuneos,top3mean,0.3,11.0,1,1
16097-109-16,pTuneos,max,0.3,25.0,1,1
16097-109-16,pTuneos,mean,0.025306122448979593,25.0,1,1
16097-109-16,pTuneos,top3mean,0.3,25.0,1,1
16097-109-23,pTuneos,max,0.2,5.0,1,0
16097-109-23,pTuneos,mean,0.012727272727272728,5.0,1,0
16097-109-23,pTuneos,top3mean,0.16666666666666666,5.0,1,0
16097-109-24,pTuneos,max,0.2,46.66666666666666,1,1
16097-109-24,pTuneos,mean,0.015844155844155845,46.66666666666666,1,1
16097-109-24,pTuneos,top3mean,0.20000000000000004,46.66666666666666,1,1
16097-110-01,pTuneos,max,0.1,81.33333333333334,1,1
16097-110-01,pTuneos,mean,0.0003663003663003663,81.33333333333334,1,1
16097-110-01,pTuneos,top3mean,0.06666666666666667,81.33333333333334,1,1
16097-110-03,pTuneos,max,0.2,55.99999999999999,1,1
16097-110-03,pTuneos,mean,0.002380952380952381,55.99999999999999,1,1
16097-110-03,pTuneos,top3mean,0.20000000000000004,55.99999999999999,1,1
16097-110-04,pTuneos,max,0.2,-3.0,0,0
16097-110-04,pTuneos,mean,0.0029100529100529104,-3.0,0,0
16097-110-04,pTuneos,top3mean,0.20000000000000004,-3.0,0,0
16097-110-08,pTuneos,max,0.3,148.6666666666667,1,1
16097-110-08,pTuneos,mean,0.006410256410256411,148.6666666666667,1,1
16097-110-08,pTuneos,top3mean,0.2333333333333333,148.6666666666667,1,1
16097-110-09,pTuneos,max,0.6,25.33333333333333,1,1
16097-110-09,pTuneos,mean,0.00805860805860806,25.33333333333333,1,1
16097-110-09,pTuneos,top3mean,0.26666666666666666,25.33333333333333,1,1
16097-110-10,pTuneos,max,0.5,135.6666666666667,1,1
16097-110-10,pTuneos,mean,0.016483516483516487,135.6666666666667,1,1
16097-110-10,pTuneos,top3mean,0.39999999999999997,135.6666666666667,1,1
16097-110-12,pTuneos,max,0.2,2.333333333333334,1,0
16097-110-12,pTuneos,mean,0.012896825396825396,2.333333333333334,1,0
16097-110-12,pTuneos,top3mean,0.20000000000000004,2.333333333333334,1,0
16097-110-13,pTuneos,max,0.1,0.0,0,0
16097-110-13,pTuneos,mean,0.0007326007326007326,0.0,0,0
16097-110-13,pTuneos,top3mean,0.10000000000000002,0.0,0,0
16097-110-14,pTuneos,max,0.4,110.6666666666667,1,1
16097-110-14,pTuneos,mean,0.008974358974358975,110.6666666666667,1,1
16097-110-14,pTuneos,top3mean,0.23333333333333336,110.6666666666667,1,1
16097-110-15,pTuneos,max,0.1,138.6666666666667,1,1
16097-110-15,pTuneos,mean,0.0007326007326007326,138.6666666666667,1,1
16097-110-15,pTuneos,top3mean,0.10000000000000002,138.6666666666667,1,1
16097-110-16,pTuneos,max,0.1,85.66666666666666,1,1
16097-110-16,pTuneos,mean,0.0005494505494505496,85.66666666666666,1,1
16097-110-16,pTuneos,top3mean,0.10000000000000002,85.66666666666666,1,1
16097-110-21,pTuneos,max,0.1,-12.33333333333334,0,0
16097-110-21,pTuneos,mean,0.0007326007326007326,-12.33333333333334,0,0
16097-110-21,pTuneos,top3mean,0.10000000000000002,-12.33333333333334,0,0
16097-110-23,pTuneos,max,0.7,6.333333333333334,1,0
16097-110-23,pTuneos,mean,0.002564102564102564,6.333333333333334,1,0
16097-110-23,pTuneos,top3mean,0.3,6.333333333333334,1,0
