ID,epitope,HLA_allele,PredIG,NOAH,NetCleave,Hydrophobicity_peptide,MW_peptide,Charge_peptide,Stab_peptide,TCR_contact,Hydrophobicity_tcr_contact,MW_tcr_contact,Charge_tcr_contact
HLA-A*24:02_RLETIRNPK,RLETIRNPK,HLA-A*24:02,0.026091153,10.316,,-1.54444444444444,1126.32424,1.99945776568605,19.4,TIRNP,-1.16,599.68774,0.997980988092497
HLA-A*24:02_RLETIRDPK,RLETIRDPK,HLA-A*24:02,0.026091153,11.967,,-1.54444444444444,1127.30904,0.999904249841058,8.88888888888889,TIRDP,-1.16,600.67254,-0.0015725277524979
HLA-A*03:01_RLETIRNPK,RLETIRNPK,HLA-A*03:01,0.0037237175,-3.125,,-1.54444444444444,1126.32424,1.99945776568605,19.4,TIRNP,-1.16,599.68774,0.997980988092497
HLA-A*03:01_RLETIRDPK,RLETIRDPK,HLA-A*03:01,0.019721335,-0.685,,-1.54444444444444,1127.30904,0.999904249841058,8.88888888888889,TIRDP,-1.16,600.67254,-0.0015725277524979
HLA-B*40:01_RLETIRNPK,RLETIRNPK,HLA-B*40:01,0.06171567,5.611,,-1.54444444444444,1126.32424,1.99945776568605,19.4,TIRNP,-1.16,599.68774,0.997980988092497
HLA-B*40:01_RLETIRDPK,RLETIRDPK,HLA-B*40:01,0.08338503,6.493,,-1.54444444444444,1127.30904,0.999904249841058,8.88888888888889,TIRDP,-1.16,600.67254,-0.0015725277524979
HLA-B*27:05_RLETIRNPK,RLETIRNPK,HLA-B*27:05,0.034992807,-0.293,,-1.54444444444444,1126.32424,1.99945776568605,19.4,TIRNP,-1.16,599.68774,0.997980988092497
HLA-B*27:05_RLETIRDPK,RLETIRDPK,HLA-B*27:05,0.10652363,1.267,,-1.54444444444444,1127.30904,0.999904249841058,8.88888888888889,TIRDP,-1.16,600.67254,-0.0015725277524979
HLA-C*03:04_RLETIRNPK,RLETIRNPK,HLA-C*03:04,0.007759339,,,-1.54444444444444,1126.32424,1.99945776568605,19.4,TIRNP,-1.16,599.68774,0.997980988092497
HLA-C*03:04_RLETIRDPK,RLETIRDPK,HLA-C*03:04,0.007759339,,,-1.54444444444444,1127.30904,0.999904249841058,8.88888888888889,TIRDP,-1.16,600.67254,-0.0015725277524979
HLA-C*02:02_RLETIRNPK,RLETIRNPK,HLA-C*02:02,0.007759339,,,-1.54444444444444,1126.32424,1.99945776568605,19.4,TIRNP,-1.16,599.68774,0.997980988092497
HLA-C*02:02_RLETIRDPK,RLETIRDPK,HLA-C*02:02,0.007759339,,,-1.54444444444444,1127.30904,0.999904249841058,8.88888888888889,TIRDP,-1.16,600.67254,-0.0015725277524979
HLA-A*24:02_RMWSGSYIK,RMWSGSYIK,HLA-A*24:02,0.63109213,6.853,,-0.688888888888889,1127.32634,1.99683554002218,-0.544444444444445,SGSYI,0.24,525.55894,-0.0028661148255656
HLA-A*24:02_RMRSGSYIK,RMRSGSYIK,HLA-A*24:02,0.2068099,7.472,,-1.08888888888889,1097.30064,2.99683222872193,39.9,SGSYI,0.24,525.55894,-0.0028661148255656
HLA-A*03:01_RMWSGSYIK,RMWSGSYIK,HLA-A*03:01,0.031250168,-4.029,,-0.688888888888889,1127.32634,1.99683554002218,-0.544444444444445,SGSYI,0.24,525.55894,-0.0028661148255656
HLA-A*03:01_RMRSGSYIK,RMRSGSYIK,HLA-A*03:01,0.00039705582,-4.285,,-1.08888888888889,1097.30064,2.99683222872193,39.9,SGSYI,0.24,525.55894,-0.0028661148255656
HLA-B*40:01_RMWSGSYIK,RMWSGSYIK,HLA-B*40:01,0.5579182,3.512,,-0.688888888888889,1127.32634,1.99683554002218,-0.544444444444445,SGSYI,0.24,525.55894,-0.0028661148255656
HLA-B*40:01_RMRSGSYIK,RMRSGSYIK,HLA-B*40:01,0.06403936,5.655,,-1.08888888888889,1097.30064,2.99683222872193,39.9,SGSYI,0.24,525.55894,-0.0028661148255656
HLA-B*27:05_RMWSGSYIK,RMWSGSYIK,HLA-B*27:05,0.03109375,-3.517,,-0.688888888888889,1127.32634,1.99683554002218,-0.544444444444445,SGSYI,0.24,525.55894,-0.0028661148255656
HLA-B*27:05_RMRSGSYIK,RMRSGSYIK,HLA-B*27:05,0.08936382,1.247,,-1.08888888888889,1097.30064,2.99683222872193,39.9,SGSYI,0.24,525.55894,-0.0028661148255656
HLA-C*03:04_RMWSGSYIK,RMWSGSYIK,HLA-C*03:04,0.040639136,,,-0.688888888888889,1127.32634,1.99683554002218,-0.544444444444445,SGSYI,0.24,525.55894,-0.0028661148255656
HLA-C*03:04_RMRSGSYIK,RMRSGSYIK,HLA-C*03:04,0.012707599,,,-1.08888888888889,1097.30064,2.99683222872193,39.9,SGSYI,0.24,525.55894,-0.0028661148255656
HLA-C*02:02_RMWSGSYIK,RMWSGSYIK,HLA-C*02:02,0.040639136,,,-0.688888888888889,1127.32634,1.99683554002218,-0.544444444444445,SGSYI,0.24,525.55894,-0.0028661148255656
HLA-C*02:02_RMRSGSYIK,RMRSGSYIK,HLA-C*02:02,0.008576188,,,-1.08888888888889,1097.30064,2.99683222872193,39.9,SGSYI,0.24,525.55894,-0.0028661148255656
HLA-A*24:02_MMLPTFIAK,MMLPTFIAK,HLA-A*24:02,0.048615467,3.264,,1.16666666666667,1051.37054,0.997689265540743,40.8,PTFIA,1.36,547.65184,-0.0020157006072527
HLA-B*57:01_STRDPLSE,STRDPLSE,HLA-B*57:01,0.014282049,1.179,0.08149202,-1.45,903.94444,-0.999797405006688,32.825,DPLS,-0.525,430.45814,-1.00156921645225
HLA-B*57:01_STRDPLSE,STRDPLSE,HLA-B*57:01,0.014282049,1.179,0.09176357,-1.45,903.94444,-0.999797405006688,32.825,DPLS,-0.525,430.45814,-1.00156921645225
HLA-B*40:01_STRDPLSE,STRDPLSE,HLA-B*40:01,0.024678664,2.465,0.08149202,-1.45,903.94444,-0.999797405006688,32.825,DPLS,-0.525,430.45814,-1.00156921645225
HLA-B*40:01_STRDPLSE,STRDPLSE,HLA-B*40:01,0.024678664,2.465,0.09176357,-1.45,903.94444,-0.999797405006688,32.825,DPLS,-0.525,430.45814,-1.00156921645225
HLA-C*06:02_STRDPLSE,STRDPLSE,HLA-C*06:02,0.0018884544,-1.617,0.08149202,-1.45,903.94444,-0.999797405006688,32.825,DPLS,-0.525,430.45814,-1.00156921645225
HLA-C*06:02_STRDPLSE,STRDPLSE,HLA-C*06:02,0.0018884544,-1.617,0.091763556,-1.45,903.94444,-0.999797405006688,32.825,DPLS,-0.525,430.45814,-1.00156921645225
HLA-A*66:01_STRDPLSE,STRDPLSE,HLA-A*66:01,0.008334553,,0.081492,-1.45,903.94444,-0.999797405006688,32.825,DPLS,-0.525,430.45814,-1.00156921645225
HLA-A*66:01_STRDPLSE,STRDPLSE,HLA-A*66:01,0.008334553,,0.09176357,-1.45,903.94444,-0.999797405006688,32.825,DPLS,-0.525,430.45814,-1.00156921645225
HLA-B*57:01_TRDPLSEI,TRDPLSEI,HLA-B*57:01,0.0015003713,3.663,0.9165408,-0.7875,930.02564,-0.999797405006688,56.9,PLSE,-0.525,444.48504,-1.00024057786144
HLA-B*57:01_TRDPLSEI,TRDPLSEI,HLA-B*57:01,0.0043796017,3.663,0.9297869,-0.7875,930.02564,-0.999797405006688,56.9,PLSE,-0.525,444.48504,-1.00024057786144
HLA-B*40:01_TRDPLSEI,TRDPLSEI,HLA-B*40:01,0.0014004583,2.769,0.9165408,-0.7875,930.02564,-0.999797405006688,56.9,PLSE,-0.525,444.48504,-1.00024057786144
HLA-B*40:01_TRDPLSEI,TRDPLSEI,HLA-B*40:01,0.00408874,2.769,0.9297869,-0.7875,930.02564,-0.999797405006688,56.9,PLSE,-0.525,444.48504,-1.00024057786144
HLA-C*06:02_TRDPLSEI,TRDPLSEI,HLA-C*06:02,0.0016650598,-3.209,0.9165408,-0.7875,930.02564,-0.999797405006688,56.9,PLSE,-0.525,444.48504,-1.00024057786144
HLA-C*06:02_TRDPLSEI,TRDPLSEI,HLA-C*06:02,0.0033175224,-3.209,0.9297869,-0.7875,930.02564,-0.999797405006688,56.9,PLSE,-0.525,444.48504,-1.00024057786144
HLA-A*66:01_TRDPLSEI,TRDPLSEI,HLA-A*66:01,0.0012122362,,0.9165408,-0.7875,930.02564,-0.999797405006688,56.9,PLSE,-0.525,444.48504,-1.00024057786144
HLA-A*66:01_TRDPLSEI,TRDPLSEI,HLA-A*66:01,0.0035404926,,0.9297869,-0.7875,930.02564,-0.999797405006688,56.9,PLSE,-0.525,444.48504,-1.00024057786144
HLA-B*57:01_RDPLSEIT,RDPLSEIT,HLA-B*57:01,0.66065675,3.604,0.029797861,-0.7875,930.02564,-0.999797405006688,56.9,LSEI,1.0,460.52774,-1.00024057786144
HLA-B*57:01_RDPLSEIT,RDPLSEIT,HLA-B*57:01,0.66065675,3.604,0.03938662,-0.7875,930.02564,-0.999797405006688,56.9,LSEI,1.0,460.52774,-1.00024057786144
HLA-B*40:01_RDPLSEIT,RDPLSEIT,HLA-B*40:01,0.108185664,2.461,0.029797861,-0.7875,930.02564,-0.999797405006688,56.9,LSEI,1.0,460.52774,-1.00024057786144
HLA-B*40:01_RDPLSEIT,RDPLSEIT,HLA-B*40:01,0.108185664,2.461,0.03938662,-0.7875,930.02564,-0.999797405006688,56.9,LSEI,1.0,460.52774,-1.00024057786144
HLA-C*06:02_RDPLSEIT,RDPLSEIT,HLA-C*06:02,0.41019267,0.556,0.029797861,-0.7875,930.02564,-0.999797405006688,56.9,LSEI,1.0,460.52774,-1.00024057786144
HLA-C*06:02_RDPLSEIT,RDPLSEIT,HLA-C*06:02,0.41019267,0.556,0.03938662,-0.7875,930.02564,-0.999797405006688,56.9,LSEI,1.0,460.52774,-1.00024057786144
HLA-A*66:01_RDPLSEIT,RDPLSEIT,HLA-A*66:01,0.046759654,,0.029797861,-0.7875,930.02564,-0.999797405006688,56.9,LSEI,1.0,460.52774,-1.00024057786144
HLA-A*66:01_RDPLSEIT,RDPLSEIT,HLA-A*66:01,0.046759654,,0.03938662,-0.7875,930.02564,-0.999797405006688,56.9,LSEI,1.0,460.52774,-1.00024057786144
HLA-B*57:01_DPLSEITK,DPLSEITK,HLA-B*57:01,0.00030218935,4.346,0.69004315,-0.7125,902.01224,-1.00008912755844,56.9,SEIT,-0.125,448.47344,-1.00024057786144
